Workbook
Name charFracC: 'General Information'!$L$12
Name FuelCalorific: 'Calorific values'!$B$3:$M$91
Name fuelFracC: 'General Information'!$L$23
Name version: Lists!$N$1
Name WindConditions: Lists!$A$3:$B$8

Sheet General Information
B1: Water Boiling Test - General Information | H1: ="Version " &version -> Version 4.2.3
B2: Test & stove description | H2: Fuel description
B3: Name of Tester(s) | H3: Your general description
B4: Test Number or Code | H4: Fuel type | J4: 1
B5: Test Dates | H5: Fuel description | J5: 1
B6: Test Year | H6: Average length (cm)
B7: Test Location | H7: Cross-sectional dimensions (cm x cm)
B8: Replicate Test Number | H8: Default values (looked up)
B9: Altitude/Elevation (m) | H9: Gross calorific value | L9: =VLOOKUP(J4,FuelCalorific,8,FALSE) -> 0 | M9: HHV, kJ/kg
B10: Stove Type/Model | H10: Net calorific value | L10: =VLOOKUP(J4,FuelCalorific,10,FALSE) -> 0 | M10: LHV,kJ/kg
B11: Manufactured by | H11: Char calorific value | L11: =VLOOKUP(J4,FuelCalorific,11,FALSE) -> 0 | M11: LHV,kJ/kg
B12: Description and Notes | H12: Char carbon content | L12: ='Calorific values'!M8 -> 0.95 | M12: by mass
H14: If possible, enter a calorific value from measurements of local fuel below.
I15: Check box if you have a measured calorific value
B16: Description of Pot(s)
H17: Measured gross calorific value | M17: HHV measured, kJ/kg
B18: Ambient conditions | H18: Measured net calorific value | M18: LHV, kJ/kg
B19: Air relative humidity (%) | H19: Assumed net calorific value | L19: =IF(ISBLANK(L18),MAX(L17-1320,0),L18) -> 0 | M19: LHV, kJ/kg
B20: Local boiling point (C) | H20: Values to be used for tests
B21: Emission testing | H21: Gross calorific value | L21: =IF(ISBLANK(H15),L9,L17) -> 0 | M21: HHV, kJ/kg
B22: Atmospheric P (kPa) | H22: Net calorific value | L22: =IF(ISBLANK(H15),L10,L19) -> 0 | M22: LHV, kJ/kg
B23: Pitot delta-P | H23: Fuel carbon content | L23: =VLOOKUP(J4,FuelCalorific,12,FALSE) -> 0 | M23: by mass | O23: =fuelFracC -> 0
B24: Hood flow rate (m3/hr) | H24: Description of firestarter (e.g. paper, fluid) and small wood or kindling
H25: (note: Kindling should be weighed and reported with wood)
B26: Notes or description about stove or operation not included elsewhere on this form
B32: Description of operation during the high-power test | G32: Description of operation during the simmering test
B33: How is fire started? | G33: How is fire started?
B38: When do you add new fuel to the fire? | G38: When do you add new fuel to the fire?
B42: How much fuel do you add at one time? | G42: How much fuel do you add at one time?
B46: How often do you feed the fire without adding fuel (e.g. push sticks)? | G46: How often do you feed the fire without adding fuel (e.g. push sticks)?
B50: Do you control the air above or below the fire? If so, what do you do? | G50: Do you control the air above or below the fire? If so, what do you do?

Sheet Test Entry
A1: Water Boiling Test - Test Entry Form | D1: ="Version " &version -> Version 4.2.3
A2: These values are not linked to the Test sheets. This sheet is provided so you can print an easy data entry form. You will have to enter these values in each Test sheet to obtain the calculations.
A3: Air Temperature | I3: Name of Testers
A5: Wind Conditions | I5: Date
I6: Stove Type/Model
A7: Fuel Dimensions | I7: Test Number
A9: Moisture Content (wet basis) | I9: Location
I11: Fuel Type
A13: Dry Weight Pot 1 | I13: Notes
A14: Dry Weight Pot 2
A15: Dry Weight Pot 3
A16: Dry Weight Pot 4
A18: Weight Container for Char
A20: Local Boiling Point *
A21: * enter on General Information
A23: Background CO2 (ppm)**
A25: Background CO (ppm)**
A27: Background PM (ug/m3)**
A28: ** For emission testing only
C29: Cold Start | H29: Hot Start | M29: Simmer
C30: Start | E30: End | H30: Start | J30: End | M30: Start | O30: End
A32: Time
A34: Weight of Fuel
A36: Water Temperature, Pot 1
A37: Water Temperature, Pot 2
A38: Water Temperature, Pot 3
A39: Water Temperature, Pot 4
A41: Weight of Pot 1 with water
A42: Weight of Pot 2 with water
A43: Weight of Pot 3 with water
A44: Weight of Pot 4 with water
A46: Fire Starting Materials
A48: Average CO2 (ppm)
... A54: Average Duct Temperature

Sheet Test-1
A2: ="WATER BOILING TEST - VERSION "&version&" - TEST #1" -> WATER BOILING TEST - VERSION 4.2.3 - TEST #1 | U2: ="TEST #1 "&D7 -> TEST #1 | W2: COLD START HIGH POWER | AE2: HOT START HIGH POWER (OPTIONAL) | AL2: SIMMER TEST
B3: DATA AND CALCULATION FORM (for one to four pots)* | W3: Start | AA3: Finish: when | AE3: Start | AI3: Finish: when | AL3: Start | AP3: Finish: 45 min
B4: Shaded cells and arrows require user input; unshaded cells automatically display outputs | AA4: Pot #1 boils | AI4: Pot #1 boils
B5: Qualitative data | U5: Measurements | V5: Units | W5: data | X5: label | AA5: data | AB5: label | AE5: data | AF5: label | AI5: data | AJ5: label | AL5: data | AM5: label | AP5: data | AQ5: label
B6: Name(s) of Tester(s) | M6: gray: efficiency | U6: Time (in 24 hour form) | V6: hr:min | X6: tci | AB6: tcf | AF6: thi | AJ6: thf | AM6: tsi | AQ6: tsf
B7: Test Number | M7: blue: emissions | U7: Weight of fuel | V7: g | X7: fci | AB7: fcf | AF7: fhi | AJ7: fhf | AM7: fsi | AQ7: fsf
B8: Date | M8: pink: error, missing input | U8: Water temperature, Pot # 1 | V8: ºC | X8: T1ci | AB8: T1cf | AF8: T1hi | AJ8: T1hf | AM8: T1si | AQ8: T1sf
B9: Location | D9: ='General Information'!C7 -> 0 | U9: Water temperature, Pot # 2 | V9: ºC | X9: T2ci | AB9: T2cf | AF9: T2hi | AJ9: T2hf | AM9: T2si | AQ9: T2sf
B10: Stove type/model | D10: ='General Information'!C10 -> 0 | U10: Water temperature, Pot # 3 | V10: ºC | X10: T3ci | AB10: T3cf | AF10: T3hi | AJ10: T3hf | AM10: T3si | AQ10: T3sf
B11: Type of fuel | D11: ='General Information'!J3 -> 0 | U11: Water temperature, Pot # 4 | V11: ºC | X11: T4ci | AB11: T4cf | AF11: T4hi | AJ11: T4hf | AM11: T4si | AQ11: T4sf
U12: Weight of Pot # 1 with water | V12: g | X12: P1ci | AB12: P1cf | AF12: P1hi | AJ12: P1hf | AM12: P1si | AQ12: P1sf
B13: Initial Test Conditions | U13: Weight of Pot # 2 with water | V13: g | X13: P2ci | AB13: P2cf | AF13: P2hi | AJ13: P2hf | AM13: P2si | AQ13: P2sf
B14: Data | E14: value | G14: units | I14: label | K14: Data | N14: value | P14: units | R14: label | U14: Weight of Pot # 3 with water | V14: g | X14: P3ci | AB14: P3cf | AF14: P3hi | AJ14: P3hf | AM14: P3si | AQ14: P3sf
B15: Air temperature | G15: ºC | K15: Dry weight of Pot # 1 (grams) | P15: g | R15: P1 | U15: Weight of Pot # 4 with water | V15: g | X15: P4ci | AB15: P4cf | AF15: P4hi | AJ15: P4hf | AM15: P4si | AQ15: P4sf
B16: Wind conditions | E16: 1 | K16: Dry weight of Pot # 2 (grams) | P16: g | R16: P2 | U16: Fire-starting materials (if any) | V16: --
B17: Fuel dimensions | K17: Dry weight of Pot # 3 (grams) | P17: g | R17: P3 | U17: Weight of charcoal+container | V17: g | AB17: cc | AI17: =AA17 -> 0 | AJ17: ch | AQ17: cs
B18: Fuel moisture content (wet basis) | G18: % | I18: MC | K18: Dry weight of Pot # 4 (grams) | P18: g | R18: P4 | U18: Average CO2 | V18: ppm | AB18: CO2c | AJ18: CO2h | AQ18: CO2s
B19: Gross calorific value (dry fuel) | E19: ='General Information'!L21 -> 0 | G19: kJ/kg | I19: HHV | K19: Weight of container for char (grams) | P19: g | R19: k | U19: Average CO | V19: ppm | Z19: 10 | AB19: COc | AJ19: COh | AQ19: COs
B20: Net calorific value (dry fuel) | E20: ='General Information'!L22 -> 0 | G20: kJ/kg | I20: LHV | K20: Local boiling point | N20: ='General Information'!C20 -> 0 | P20: ºC | R20: Tb | U20: Average PM | V20: ug/m3 | AB20: PMc | AJ20: PMh | AQ20: PMs
B21: Effective calorific value | K21: Background concentrations: CO2 | P21: ppm | R21: CO2,b | U21: Average Duct Temperature | V21: ºC | AB21: Tcd | AJ21: Thd | AQ21: Tsd
B22: (accounting for fuel moisture) | E22: =E20*(1-E18)-(E18*((N20-E15)*4.2+2260)) -> 0 | G22: kJ/kg | I22: EHV | M22: CO | P22: ppm | R22: CO,b | U22: Total CO2 (if available) | V22: g | AB22: mCO2,c | AJ22: mCO2,h | AQ22: mCO2,s
B23: Char calorific value | E23: ='General Information'!L11 -> 0 | G23: kJ/kg | M23: PM | P23: ug/m3 | R23: PM,b | U23: Total CO (if available) | V23: g | Z23: 10 | AB23: mCO,c | AJ23: mCO,h | AQ23: mCO,s
U24: Total PM (if available) | V24: g | AB24: mPM,c | AJ24: mPM,h | AQ24: mPM,s
B25: Notes about this test:
W26: COLD START | AA26: HOT START | AE26: SIMMER TEST (CALCULATIONS DIFFER FROM HIGH POWER TEST)
U27: Calculations/Results | V27: Units | W27: data | X27: label | AA27: data | AB27: label | AE27: Calculations/Results | AM27: Units | AP27: data | AQ27: label
U28: Fuel consumed (moist) | V28: g | W28: =W7-AA7 -> 0 | X28: fcm | AA28: =AE7-AI7 -> 0 | AB28: fhm | AE28: Fuel consumed during the simmer phase (moist) | AM28: g | AP28: =AL7-AP7 -> 0 | AQ28: fsm
U29: Net change in char during test | V29: g | W29: =AA17-$N$19 -> 0 | X29: Δcc | AA29: =IF(AA28=0,0,AI17-$N$19) -> 0 | AB29: Δch | AE29: Net change in char during test phase | AM29: g | AP29: =(AP17-$N$19)-W29 -> 0 | AQ29: Δcs
U30: Equivalent dry fuel consumed | V30: g | W30: =(W28*($E$20*(1-$E$18)-$E$18*(4.186*($N$20-$E$15)+2257))-W29*$E23)/$E$20 -> #DIV/0! | X30: fcd | AA30: =IF(AA28=0,0,(AA28*($E$20*(1-$E$18)-$E$18*(4.186*($N$20-$E$15)+2257))-AA29*$E23)/$E$20) -> 0 | AB30: fhd | AE30: Equivalent dry fuel consumed | AM30: g | AP30: =(AP28*($E$20*(1-$E$18)-$E$18*(4.186*($N$20-$E$15)+2257))-AP29*$E23)/$E$20 -> #DIV/0! | AQ30: fsd
U31: Water vaporized from all pots | V31: g | W31: =SUM(W12:W15)-SUM(AA12:AA15) -> 0 | X31: wcv | AA31: =SUM(AE12:AE15)-SUM(AI12:AI15) -> 0 | AB31: whv | AE31: Water vaporized | AM31: g | AP31: =(AL12-AP12)+(AL13-AP13)+(AL14-AP14)+(AL15-AP15) -> 0 | AQ31: wsv
U32: Effective mass of water boiled | V32: g | W32: =((AA12-$N15)*(AA8-W8)/($N$20-W8)+(AA13-$N16)*(AA9-W9)/($N$20-W9)+(AA14-$N17)*(AA10-W10)/($N$20-W10)+(AA15-$N18)*(AA11-W11)/($N$20-W11)) -> #DIV/0! | X32: wcr | AA32: =((AI12-$N15)*(AI8-AE8)/($N$20-AE8)+(AI13-$N16)*(AI9-AE9)/($N$20-AE9)+(AI14-$N17)*(AI10-AE10)/($N$20-AE10)+(AI15-$N18)*(AI11-AE11)/($N$20-AE11)) -> #DIV/0! | AB32: whr | AE32: Water remaining at end - All Pots | AM32: g | AP32: =(AP12-$N$15+((AP9-25)/(N20-25))*(AP13-N16)+((AP10-25)/(N20-25))*(AP14-N17)+((AP11-25)/(N20-25))*(AP15-N18)) -> 0 | AQ32: wsr
U33: Time to boil Pot # 1 | V33: min | W33: =(AA6-W6)*1440 -> 0 | X33: Δtc | AA33: =(AI6-AE6)*1440 -> 0 | AB33: Δth | AE33: Time of simmer (should be ~45 minutes) | AM33: min | AP33: =(AP6-AL6)*1440 -> 0 | AQ33: Δts
U34: Temp-corr time to boil Pot # 1 | V34: min | W34: =W33*75/(N20-W8) -> #DIV/0! | X34: ΔtTc | AA34: =AA33*75/(N20-AE8) -> #DIV/0! | AB34: ΔtTh | AE34: Thermal efficiency | AM34: % | AP34: =(4.186*((AL12-$N15+AP32)/2)*(AP8-AL8)+2260*AP31)/(AP30*$E$20) -> #DIV/0! | AQ34: hs
U35: Thermal efficiency | V35: % | W35: =(4.186*SUM((W12-$N15)*(AA8-W8),(W13-$N16)*(AA9-W9),(W14-$N17)*(AA10-W10),(W15-$N18)*(AA11-W11))+2260*W31)/(W30*$E20) -> #DIV/0! | X35: hc | AA35: =(4.186*SUM((AE12-$N15)*(AI8-AE8),(AE13-$N16)*(AI9-AE9),(AE14-$N17)*(AI10-AE10),(AE15-$N18)*(AI11-AE11))+2260*AA31)/(AA30*$E20) -> #DIV/0! | AB35: hh | AE35: Burning rate | AM35: g/min | AP35: =AP30/AP33 -> #DIV/0! | AQ35: rsb
B36: BASIC TEST DATA | U36: Burning rate | V36: g/min | W36: =W30/W33 -> #DIV/0! | X36: rcb | AA36: =AA30/AA33 -> #DIV/0! | AB36: rhb | AE36: Specific fuel consumption | AM36: g/liter remaining | AP36: =AP30/AP32*1000 -> #DIV/0! | AQ36: SCs
U37: Specific fuel consumption | V37: g/liter boiled | W37: =1000*W30/((W32)) -> #DIV/0! | X37: SCc | AA37: =1000*AA30/AA32 -> #DIV/0! | AB37: SCh | AE37: Firepower | AM37: watts | AP37: =AP30*$E$20/(AP33*60) -> #DIV/0! | AQ37: FPs
B38: ="TEST #1 "&D7 -> TEST #1 | U38: Temp-corr sp consumption | V38: g/liter | W38: =W37*75/($N$20-W8) -> #DIV/0! | X38: SCTc | AA38: =AA37*75/($N$20-AE8) -> #DIV/0! | AB38: SCTh | AE38: Turn down ratio | AM38: -- | AP38: =W40/AP37 -> #DIV/0! | AQ38: TDR
B39: Notes on the High Power - Cold Start Test. Add description only if it differs from "General Information" sheet | U39: Temp-corr sp energy consumpt. | V39: kJ/liter | W39: =(W38/1000)*E20 -> #DIV/0! | X39: SETC | AA39: =(AA38/1000)*E20 -> #DIV/0! | AB39: SETH | AE39: Specific Energy Consumption | AM39: kJ/liter | AP39: =(AP36/1000)*E20 -> #DIV/0! | AQ39: SES
U40: Firepower | V40: watts | W40: =W30*$E$20/(W33*60) -> #DIV/0! | X40: FPc | AA40: =AA30*$E$20/(AA33*60) -> #DIV/0! | AB40: FPh | AE40: Fuel Benchmark to Complete 5L WBT | AM40: g | AP40: =IF(ISERROR(AA38),5*(W38+AP36),5*(AVERAGE(W38,AA38)+AP36)) -> #DIV/0! | AQ40: BF
AE41: Energy Benchmark to Complete 5L WBT | AM41: kJ | AP41: =(AP40/1000)*E20 -> #DIV/0! | AQ41: BE
U42: Emissions Calculation Method: | W42: 1
U43: IWA PERFORMANCE METRICS | AE43: Data | AF43: Tier
U44: High Power Thermal Efficiency | AB44: % | AE44: =IF(AA33=0,W35,(W35+AA35)/2) -> #DIV/0! | AF44: =IF(AE44=0,"-",IF(AE44<Lists!E15,"0",IF(AE44<Lists!I15,1,IF(AE44<Lists!K15,2,IF(AE44<Lists!M15,3,4))))) -> #DIV/0!
U45: Low Power Specific Fuel Consumption | AB45: MJ/(min∙L) | AE45: =AP30*'General Information'!L22/(AP32*AP33*1000) -> #DIV/0! | AF45: =IF(AE45>Lists!E16,"0",IF(AE45>Lists!I16,1,IF(AE45>Lists!K16,2,IF(AE45>Lists!M16,3,4)))) -> #DIV/0!
U46: High Power CO | AB46: g/MJ | AE46: =IF(W42=3,IF(AA33=0,1000000/'General Information'!L22*AA23/(W35*W30),1000000/'General Information'!L22*(AA23/(W35*W30)+AI23/(AA35*AA30))/2),IF(W42=1,IF(AA33=0,1000000/'General Information'!L22*W70/(W35*W30),1000000/'General Information'!L22*(W70/(W35*W30)+AA70/(AA35*AA30))/2),IF(AA33=0,1000000/'General Information'!L22*W74/(W35*W30),1000000/'General Information'!L22*(W74/(W35*W30)+AA74/(AA35*AA30))/2))) -> #DIV/0! | AF46: =IF(AE46>Lists!E17,"0",IF(AE46>Lists!I17,1,IF(AE46>Lists!K17,2,IF(AE46>Lists!M17,3,4)))) -> #DIV/0!
U47: Low Power CO | AB47: g/(min∙L) | AE47: =IF(W42=3,AP23/(AP33*AP32)*1000,IF(W42=1,AE70/(AP33*AP32)*1000,AE74/(AP33*AP32)*1000)) -> #DIV/0! | AF47: =IF(AE47>Lists!E18,"0",IF(AE47>Lists!I18,1,IF(AE47>Lists!K18,2,IF(AE47>Lists!M18,3,4)))) -> #DIV/0!
U48: High Power PM | AB48: mg/MJ | AE48: =IF(W42=3,IF(AA33=0,10^9/'General Information'!L22*AA24/(W35*W30),10^9/'General Information'!L22*(AA24/(W35*W30)+AI24/(AA35*AA30))/2),IF(W42=1,IF(AA33=0,10^9/'General Information'!L22*W71/(W35*W30),10^9/'General Information'!L22*(W71/(W35*W30)+AA71/(AA35*AA30))/2),IF(AA33=0,10^9/'General Information'!L22*W75/(W35*W30),10^9/'General Information'!L22*(W75/(W35*W30)+AA75/(AA35*AA30))/2))) -> #DIV/0! | AF48: =IF(AE48>Lists!E19,"0",IF(AE48>Lists!I19,1,IF(AE48>Lists!K19,2,IF(AE48>Lists!M19,3,4)))) -> #DIV/0!
U49: Low Power PM | AB49: mg/(min∙L) | AE49: =IF(W42=3,AP24/(AP33*AP32)*1000000,IF(W42=1,AE71/(AP33*AP32)*1000000,AE75/(AP33*AP32)*1000000)) -> #DIV/0! | AF49: =IF(AE49>Lists!E20,"0",IF(AE49>Lists!I20,1,IF(AE49>Lists!K20,2,IF(AE49>Lists!M20,3,4)))) -> #DIV/0!
B50: Notes on the High Power - Hot Start Test | U50: Indoor CO Emissions | AB50: g/min | AE50: =IF(W42=3,IF(IF(AA33=0,AA23/W33,(AA23/W33+AI23/AA33)/2)<(AP23/AP33),AP23/AP33,IF(AA33=0,AA23/W33,(AA23/W33+AI23/AA33)/2)),IF(W42=1,IF(IF(AA33=0,W70/W33,(W70/W33+AA70/AA33)/2)<(AE70/AP33),AE70/AP33,IF(AA33=0,W70/W33,(W70/W33+AA70/AA33)/2)),IF(IF(AA33=0,W74/W33,(W74/W33+AA74/AA33)/2)<(AE74/AP33),AE74/AP33,IF(AA33=0,W74/W33,(W74/W33+AA74/AA33)/2)))) -> #DIV/0! | AF50: =IF(AE50>Lists!E21,"0",IF(AE50>Lists!I21,1,IF(AE50>Lists!K21,2,IF(AE50>Lists!M21,3,4)))) -> #DIV/0!
U51: Indoor PM Emissions | AB51: mg/min | AE51: =IF(W42=3,IF(IF(AA33=0,AA24/W33,(AA24/W33+AI24/AA33)/2)<(AP24/AP33),AP24/AP33*1000,IF(AA33=0,AA24/W33,(AA24/W33+AI24/AA33)/2)*1000),IF(W42=1,IF(IF(AA33=0,W71/W33,(W71/W33+AA71/AA33)/2)<(AE71/AP33),AE71/AP33*1000,IF(AA33=0,W71/W33,(W71/W33+AA71/AA33)/2)*1000),IF(IF(AA33=0,W75/W33,(W75/W33+AA75/AA33)/2)<(AE75/AP33),AE75/AP33*1000,IF(AA33=0,W75/W33,(W75/W33+AA75/AA33)/2)*1000))) -> #DIV/0! | AF51: =IF(AE51>Lists!E22,"0",IF(AE51>Lists!I22,1,IF(AE51>Lists!K22,2,IF(AE51>Lists!M22,3,4)))) -> #DIV/0!
U52: ="TEST #1 "&D7 -> TEST #1 | V52: Emission Report
W53: COLD START | AA53: HOT START | AE53: SIMMER TEST
U54: Calculations/Results | V54: Units | W54: data | X54: label | AA54: data | AB54: label | AE54: data | AF54: label
U55: Total exhaust flow | V55: m3 | W55: ='General Information'!$C$24*W33/60 -> 0 | X55: Vc | AA55: ='General Information'!$C$24*AA33/60 -> 0 | AB55: Vh | AE55: ='General Information'!$C$24*AP33/60 -> 0 | AF55: Vs
U56: Exhaust carbon concentration | V56: ppm | W56: =((AA18-$N21)+(AA19-$N22)+(AA20-$N23)/15/('General Information'!$C$22/0.008314/(AA21+273.15))) -> #DIV/0! | X56: CCc | AA56: =((AI18-$N21)+(AI19-$N22)+(AI20-$N23)/15/('General Information'!$C$22/0.008314/(AI21+273.15))) -> #DIV/0! | AB56: CCh | AE56: =((AP18-$N21)+(AP19-$N22)+(AP20-$N23)/15/('General Information'!$C$22/0.008314/(AP21+273.15))) -> #DIV/0! | AF56: CCs
U57: Total carbon in exhaust | V57: g/m3 | W57: ='General Information'!$C$22/0.008314/(AA21+273.15)*W56*0.000001*12 -> #DIV/0! | X57: Cc | AA57: ='General Information'!$C$22/0.008314/(AI21+273.15)*AA56*0.000001*12 -> #DIV/0! | AB57: Ch | AE57: ='General Information'!$C$22/0.008314/(AP21+273.15)*AE56*0.000001*12 -> #DIV/0! | AF57: Cs
U58: Fuel consumed est. (dry) | V58: g | W58: =W57*W55/fuelFracC -> #DIV/0! | X58: fce | AA58: =AA57*AA55/fuelFracC -> #DIV/0! | AB58: fhe | AE58: =AE57*AE55/fuelFracC -> #DIV/0! | AF58: fse
U59: Hood carbon balance | V59: % | W59: =W58/((1-$E$18)*(W28)-W29*charFracC/'General Information'!L23) -> #DIV/0! | X59: CBc | AA59: =AA58/((1-$E$18)*(AA28)-AA29*charFracC/'General Information'!L23) -> #DIV/0! | AB59: CBh | AE59: =AE58/((1-$E$18)*(AP28)-AP29*charFracC/'General Information'!L23) -> #DIV/0! | AF59: CBs
U60: Emission per water boiled
B61: Notes on the Low Power - Simmer Test | U61: CO2 | V61: g/liter | W61: =IF($W$42=3,AA22/W$32*1000,IF($W$42=1,W69/W$32*1000,W73/W$32*1000)) -> #DIV/0! | X61: ECO2,c | AA61: =IF($W$42=3,AI22/AA$32*1000,IF($W$42=1,AA69/AA$32*1000,AA73/AA$32*1000)) -> #DIV/0! | AB61: ECO2,h | AE61: =IF($W$42=3,AP22/AP$32*1000,IF($W$42=1,AE69/AP$32*1000,AE73/AP$32*1000)) -> #DIV/0! | AF61: ECO2,s
U62: CO | V62: g/liter | W62: =IF($W$42=3,AA23/W$32*1000,IF($W$42=1,W70/W$32*1000,W74/W$32*1000)) -> #DIV/0! | X62: ECO,c | AA62: =IF($W$42=3,AI23/AA$32*1000,IF($W$42=1,AA70/AA$32*1000,AA74/AA$32*1000)) -> #DIV/0! | AB62: ECO,h | AE62: =IF($W$42=3,AP23/AP$32*1000,IF($W$42=1,AE70/AP$32*1000,AE74/AP$32*1000)) -> #DIV/0! | AF62: ECO,s
U63: PM | V63: g/liter | W63: =IF($W$42=3,AA24/W$32*1000,IF($W$42=1,W71/W$32*1000,W75/W$32*1000)) -> #DIV/0! | X63: EPM,c | AA63: =IF($W$42=3,AI24/AA$32*1000,IF($W$42=1,AA71/AA$32*1000,AA75/AA$32*1000)) -> #DIV/0! | AB63: EPM,h | AE63: =IF($W$42=3,AP24/AP$32*1000,IF($W$42=1,AE71/AP$32*1000,AE75/AP$32*1000)) -> #DIV/0! | AF63: EPM,s
U64: Mass emission factors
U65: CO2 | V65: g/kgf | W65: =IF(W42=2,W73/(W28*(1-E18)-W29*charFracC/fuelFracC),IF(W56>0,((AA18-$N21)*44/12)/(W$56/fuelFracC)*1000,0)) -> #DIV/0! | X65: EFCO2,c | AA65: =IF(W42=2,AA73/(AA28*(1-E18)-AA29*charFracC/fuelFracC),IF(AA56>0,((AI18-$N21)*44/12)/(AA$56/fuelFracC)*1000,0)) -> #DIV/0! | AB65: EFCO2,h | AE65: =IF(W42=2,AE73/(AP28*(1-E18)-AP29*charFracC/fuelFracC),IF(AE56>0,((AP18-$N21)*44/12)/(AE$56/fuelFracC)*1000,0)) -> #DIV/0! | AF65: EFCO2,s
U66: CO | V66: g/kgf | W66: =IF(W42=2,W74/(W28*(1-E18)-W29*charFracC/fuelFracC),IF(W56>0,((AA19-$N22)*28/12)/(W$56/fuelFracC)*1000,0)) -> #DIV/0! | X66: EFCO,c | AA66: =IF(W42=2,AA74/(AA28*(1-E18)-AA29*charFracC/fuelFracC),IF(AA56>0,((AI19-$N22)*28/12)/(AA$56/fuelFracC)*1000,0)) -> #DIV/0! | AB66: EFCO,h | AE66: =IF(W42=2,AE74/(AP28*(1-E18)-AP29*charFracC/fuelFracC),IF(AE56>0,((AP19-$N22)*28/12)/(AE$56/fuelFracC)*1000,0)) -> #DIV/0! | AF66: EFCO,s
U67: PM | V67: g/kgf | W67: =IF(W42=2,W75/(W28*(1-E18)-W29*charFracC/fuelFracC),IF(W57>0,(AA20-$N23)/(W$57/fuelFracC)*1000/1000000,0)) -> #DIV/0! | X67: EFPM,c | AA67: =IF(W42=2,AA75/(AA28*(1-E18)-AA29*charFracC/fuelFracC),IF(AA57>0,(AI20-$N23)/(AA$57/fuelFracC)*1000/1000000,0)) -> #DIV/0! | AB67: EFPM,h | AE67: =IF(W42=2,AE75/(AP28*(1-E18)-AP29*charFracC/fuelFracC),IF(AE57>0,(AP20-$N23)/(AE$57/fuelFracC)*1000/1000000,0)) -> #DIV/0! | AF67: EFPM,s
U68: Total Emissions (carbon balance)
U69: CO2 | V69: g | W69: =W65*(W28*(1-$E$18)-W29*charFracC/fuelFracC)/1000 -> #DIV/0! | X69: mCO2,c | AA69: =AA65*(AA28*(1-$E$18)-AA29*charFracC/fuelFracC)/1000 -> #DIV/0! | AB69: mCO2,h | AE69: =AE65*(AP28*(1-$E$18)-AP29*charFracC/fuelFracC)/1000 -> #DIV/0! | AF69: mCO2,s
U70: CO | V70: g | W70: =W66*(W28*(1-$E$18)-W29*charFracC/fuelFracC)/1000 -> #DIV/0! | X70: mCO,c | AA70: =AA66*(AA28*(1-$E$18)-AA29*charFracC/fuelFracC)/1000 -> #DIV/0! | AB70: mCO,h | AE70: =AE66*(AP28*(1-$E$18)-AP29*charFracC/fuelFracC)/1000 -> #DIV/0! | AF70: mCO,s
U71: PM | V71: g | W71: =W67*(W28*(1-$E$18)-W29*charFracC/fuelFracC)/1000 -> #DIV/0! | X71: mPM,c | AA71: =AA67*(AA28*(1-$E$18)-AA29*charFracC/fuelFracC)/1000 -> #DIV/0! | AB71: mPM,h | AE71: =AE67*(AP28*(1-$E$18)-AP29*charFracC/fuelFracC)/1000 -> #DIV/0! | AF71: mPM,s
U72: Total Emissions (total capture)
U73: CO2 | V73: g | W73: =W55*(AA18-N21)*(44*'General Information'!C22)/(0.008314*(AA21+273.15))/1000000 -> 0 | X73: mCO2,c | AA73: =AA55*(AI18-N21)*(44*'General Information'!C22)/(0.008314*(AI21+273.15))/1000000 -> 0 | AB73: mCO2,h | AE73: =AE55*(AP18-N21)*(44*'General Information'!C22)/(0.008314*(AP21+273.15))/1000000 -> 0 | AF73: mCO2,s
U74: CO | V74: g | W74: =W55*(AA19-N22)*(28*'General Information'!C22)/(0.008314*(AA21+273.15))/1000000 -> 0 | X74: mCO,c | AA74: =AA55*(AI19-N22)*(28*'General Information'!C22)/(0.008314*(AI21+273.15))/1000000 -> 0 | AB74: mCO,h | AE74: =AE55*(AP19-N22)*(28*'General Information'!C22)/(0.008314*(AP21+273.15))/1000000 -> 0 | AF74: mCO,s
U75: PM | V75: g | W75: =W55*(AA20-N23)/1000000 -> 0 | X75: mPM,c | AA75: =AA55*(AI20-N23)/1000000 -> 0 | AB75: mPM,h | AE75: =AE55*(AP20-N23)/1000000 -> 0 | AF75: mPM,s
U76: Emission benchmarks:
U77: CO to Complete 5L WBT | V77: g | W77: =(IF(ISERROR(AA$38),W62,AVERAGE(W62,AA62))+AE62)*5 -> #DIV/0! | X77: BCO
U78: PM to Complete 5L WBT | V78: g | W78: =(IF(ISERROR(AA$38),W63,AVERAGE(W63,AA63))+AE63)*5 -> #DIV/0! | X78: BPM

Sheet Test-2
A2: ="WATER BOILING TEST - VERSION "&version&" - TEST #2" -> WATER BOILING TEST - VERSION 4.2.3 - TEST #2 | U2: ="TEST #2 "&D7 -> TEST #2 | W2: COLD START HIGH POWER | AE2: HOT START HIGH POWER (OPTIONAL) | AL2: SIMMER TEST
B3: DATA AND CALCULATION FORM (for one to four pots)* | W3: Start | AA3: Finish: when | AE3: Start | AI3: Finish: when | AL3: Start | AP3: Finish: 45 min
B4: Shaded cells and arrows require user input; unshaded cells automatically display outputs | AA4: Pot #1 boils | AI4: Pot #1 boils
B5: Qualitative data | U5: Measurements | V5: Units | W5: data | X5: label | AA5: data | AB5: label | AE5: data | AF5: label | AI5: data | AJ5: label | AL5: data | AM5: label | AP5: data | AQ5: label
B6: Name(s) of Tester(s) | M6: gray: efficiency | U6: Time (in 24 hour form) | V6: hr:min | X6: tci | AB6: tcf | AF6: thi | AJ6: thf | AM6: tsi | AQ6: tsf
B7: Test Number | M7: blue: emissions | U7: Weight of fuel | V7: g | X7: fci | AB7: fcf | AF7: fhi | AJ7: fhf | AM7: fsi | AQ7: fsf
B8: Date | M8: pink: error, missing input | U8: Water temperature, Pot # 1 | V8: ºC | X8: T1ci | AB8: T1cf | AF8: T1hi | AJ8: T1hf | AM8: T1si | AQ8: T1sf
B9: Location | D9: ='General Information'!C7 -> 0 | U9: Water temperature, Pot # 2 | V9: ºC | X9: T2ci | AB9: T2cf | AF9: T2hi | AJ9: T2hf | AM9: T2si | AQ9: T2sf
B10: Stove type/model | D10: ='General Information'!C10 -> 0 | U10: Water temperature, Pot # 3 | V10: ºC | X10: T3ci | AB10: T3cf | AF10: T3hi | AJ10: T3hf | AM10: T3si | AQ10: T3sf
B11: Type of fuel | D11: ='General Information'!J3 -> 0 | U11: Water temperature, Pot # 4 | V11: ºC | X11: T4ci | AB11: T4cf | AF11: T4hi | AJ11: T4hf | AM11: T4si | AQ11: T4sf
U12: Weight of Pot # 1 with water | V12: g | X12: P1ci | AB12: P1cf | AF12: P1hi | AJ12: P1hf | AM12: P1si | AQ12: P1sf
B13: Initial Test Conditions | U13: Weight of Pot # 2 with water | V13: g | X13: P2ci | AB13: P2cf | AF13: P2hi | AJ13: P2hf | AM13: P2si | AQ13: P2sf
B14: Data | E14: value | G14: units | I14: label | K14: Data | N14: value | P14: units | R14: label | U14: Weight of Pot # 3 with water | V14: g | X14: P3ci | AB14: P3cf | AF14: P3hi | AJ14: P3hf | AM14: P3si | AQ14: P3sf
B15: Air temperature | G15: ºC | K15: Dry weight of Pot # 1 (grams) | P15: g | R15: P1 | U15: Weight of Pot # 4 with water | V15: g | X15: P4ci | AB15: P4cf | AF15: P4hi | AJ15: P4hf | AM15: P4si | AQ15: P4sf
B16: Wind conditions | E16: 1 | K16: Dry weight of Pot # 2 (grams) | P16: g | R16: P2 | U16: Fire-starting materials (if any) | V16: --
B17: Fuel dimensions | K17: Dry weight of Pot # 3 (grams) | P17: g | R17: P3 | U17: Weight of charcoal+container | V17: g | AB17: cc | AI17: =AA17 -> 0 | AJ17: ch | AQ17: cs
B18: Fuel moisture content (wet basis) | G18: % | I18: MC | K18: Dry weight of Pot # 4 (grams) | P18: g | R18: P4 | U18: Average CO2 | V18: ppm | AB18: CO2c | AJ18: CO2h | AQ18: CO2s
B19: Gross calorific value (dry fuel) | E19: ='General Information'!L21 -> 0 | G19: kJ/kg | I19: HHV | K19: Weight of container for char (grams) | P19: g | R19: k | U19: Average CO | V19: ppm | Z19: 10 | AB19: COc | AJ19: COh | AQ19: COs
B20: Net calorific value (dry fuel) | E20: ='General Information'!L22 -> 0 | G20: kJ/kg | I20: LHV | K20: Local boiling point | N20: ='General Information'!C20 -> 0 | P20: ºC | R20: Tb | U20: Average PM | V20: ug/m3 | AB20: PMc | AJ20: PMh | AQ20: PMs
B21: Effective calorific value | K21: Background concentrations: CO2 | P21: ppm | R21: CO2,b | U21: Average Duct Temperature | V21: ºC | AB21: Tcd | AJ21: Thd | AQ21: Tsd
B22: (accounting for fuel moisture) | E22: =E20*(1-E18)-(E18*((N20-E15)*4.2+2260)) -> 0 | G22: kJ/kg | I22: EHV | M22: CO | P22: ppm | R22: CO,b | U22: Total CO2 (if available) | V22: g | AB22: mCO2,c | AJ22: mCO2,h | AQ22: mCO2,s
B23: Char calorific value | E23: ='General Information'!L11 -> 0 | G23: kJ/kg | M23: PM | P23: ug/m3 | R23: PM,b | U23: Total CO (if available) | V23: g | Z23: 10 | AB23: mCO,c | AJ23: mCO,h | AQ23: mCO,s
U24: Total PM (if available) | V24: g | AB24: mPM,c | AJ24: mPM,h | AQ24: mPM,s
B25: Notes about this test:
W26: COLD START | AA26: HOT START | AE26: SIMMER TEST (CALCULATIONS DIFFER FROM HIGH POWER TEST)
U27: Calculations/Results | V27: Units | W27: data | X27: label | AA27: data | AB27: label | AE27: Calculations/Results | AM27: Units | AP27: data | AQ27: label
U28: Fuel consumed (moist) | V28: g | W28: =W7-AA7 -> 0 | X28: fcm | AA28: =AE7-AI7 -> 0 | AB28: fhm | AE28: Fuel consumed during the simmer phase (moist) | AM28: g | AP28: =AL7-AP7 -> 0 | AQ28: fsm
U29: Net change in char during test | V29: g | W29: =AA17-$N$19 -> 0 | X29: Δcc | AA29: =IF(AA28=0,0,AI17-$N$19) -> 0 | AB29: Δch | AE29: Net change in char during test phase | AM29: g | AP29: =(AP17-$N$19)-W29 -> 0 | AQ29: Δcs
U30: Equivalent dry fuel consumed | V30: g | W30: =(W28*($E$20*(1-$E$18)-$E$18*(4.186*($N$20-$E$15)+2257))-W29*$E23)/$E$20 -> #DIV/0! | X30: fcd | AA30: =IF(AA28=0,0,(AA28*($E$20*(1-$E$18)-$E$18*(4.186*($N$20-$E$15)+2257))-AA29*$E23)/$E$20) -> 0 | AB30: fhd | AE30: Equivalent dry fuel consumed | AM30: g | AP30: =(AP28*($E$20*(1-$E$18)-$E$18*(4.186*($N$20-$E$15)+2257))-AP29*$E23)/$E$20 -> #DIV/0! | AQ30: fsd
U31: Water vaporized from all pots | V31: g | W31: =SUM(W12:W15)-SUM(AA12:AA15) -> 0 | X31: wcv | AA31: =SUM(AE12:AE15)-SUM(AI12:AI15) -> 0 | AB31: whv | AE31: Water vaporized | AM31: g | AP31: =(AL12-AP12)+(AL13-AP13)+(AL14-AP14)+(AL15-AP15) -> 0 | AQ31: wsv
U32: Effective mass of water boiled | V32: g | W32: =((AA12-$N15)*(AA8-W8)/($N$20-W8)+(AA13-$N16)*(AA9-W9)/($N$20-W9)+(AA14-$N17)*(AA10-W10)/($N$20-W10)+(AA15-$N18)*(AA11-W11)/($N$20-W11)) -> #DIV/0! | X32: wcr | AA32: =((AI12-$N15)*(AI8-AE8)/($N$20-AE8)+(AI13-$N16)*(AI9-AE9)/($N$20-AE9)+(AI14-$N17)*(AI10-AE10)/($N$20-AE10)+(AI15-$N18)*(AI11-AE11)/($N$20-AE11)) -> #DIV/0! | AB32: whr | AE32: Water remaining at end - All Pots | AM32: g | AP32: =(AP12-$N$15+((AP9-25)/(N20-25))*(AP13-N16)+((AP10-25)/(N20-25))*(AP14-N17)+((AP11-25)/(N20-25))*(AP15-N18)) -> 0 | AQ32: wsr
U33: Time to boil Pot # 1 | V33: min | W33: =(AA6-W6)*1440 -> 0 | X33: Δtc | AA33: =(AI6-AE6)*1440 -> 0 | AB33: Δth | AE33: Time of simmer (should be ~45 minutes) | AM33: min | AP33: =(AP6-AL6)*1440 -> 0 | AQ33: Δts
U34: Temp-corr time to boil Pot # 1 | V34: min | W34: =W33*75/(N20-W8) -> #DIV/0! | X34: ΔtTc | AA34: =AA33*75/(N20-AE8) -> #DIV/0! | AB34: ΔtTh | AE34: Thermal efficiency | AM34: % | AP34: =(4.186*((AL12-$N15+AP32)/2)*(AP8-AL8)+2260*AP31)/(AP30*$E$20) -> #DIV/0! | AQ34: hs
U35: Thermal efficiency | V35: % | W35: =(4.186*SUM((W12-$N15)*(AA8-W8),(W13-$N16)*(AA9-W9),(W14-$N17)*(AA10-W10),(W15-$N18)*(AA11-W11))+2260*W31)/(W30*$E20) -> #DIV/0! | X35: hc | AA35: =(4.186*SUM((AE12-$N15)*(AI8-AE8),(AE13-$N16)*(AI9-AE9),(AE14-$N17)*(AI10-AE10),(AE15-$N18)*(AI11-AE11))+2260*AA31)/(AA30*$E20) -> #DIV/0! | AB35: hh | AE35: Burning rate | AM35: g/min | AP35: =AP30/AP33 -> #DIV/0! | AQ35: rsb
B36: BASIC TEST DATA | U36: Burning rate | V36: g/min | W36: =W30/W33 -> #DIV/0! | X36: rcb | AA36: =AA30/AA33 -> #DIV/0! | AB36: rhb | AE36: Specific fuel consumption | AM36: g/liter remaining | AP36: =AP30/AP32*1000 -> #DIV/0! | AQ36: SCs
U37: Specific fuel consumption | V37: g/liter boiled | W37: =1000*W30/((W32)) -> #DIV/0! | X37: SCc | AA37: =1000*AA30/AA32 -> #DIV/0! | AB37: SCh | AE37: Firepower | AM37: watts | AP37: =AP30*$E$20/(AP33*60) -> #DIV/0! | AQ37: FPs
B38: ="TEST #2 "&D7 -> TEST #2 | U38: Temp-corr sp consumption | V38: g/liter | W38: =W37*75/($N$20-W8) -> #DIV/0! | X38: SCTc | AA38: =AA37*75/($N$20-AE8) -> #DIV/0! | AB38: SCTh | AE38: Turn down ratio | AM38: -- | AP38: =W40/AP37 -> #DIV/0! | AQ38: TDR
B39: Notes on the High Power - Cold Start Test. Add description only if it differs from "General Information" sheet | U39: Temp-corr sp energy consumpt. | V39: kJ/liter | W39: =(W38/1000)*E20 -> #DIV/0! | X39: SETC | AA39: =(AA38/1000)*E20 -> #DIV/0! | AB39: SETH | AE39: Specific Energy Consumption | AM39: kJ/liter | AP39: =(AP36/1000)*E20 -> #DIV/0! | AQ39: SES
U40: Firepower | V40: watts | W40: =W30*$E$20/(W33*60) -> #DIV/0! | X40: FPc | AA40: =AA30*$E$20/(AA33*60) -> #DIV/0! | AB40: FPh | AE40: Fuel Benchmark to Complete 5L WBT | AM40: g | AP40: =IF(ISERROR(AA38),5*(W38+AP36),5*(AVERAGE(W38,AA38)+AP36)) -> #DIV/0! | AQ40: BF
AE41: Energy Benchmark to Complete 5L WBT | AM41: kJ | AP41: =(AP40/1000)*E20 -> #DIV/0! | AQ41: BE
U42: Emissions Calculation Method: | W42: 1
U43: IWA PERFORMANCE METRICS | AE43: Data | AF43: Tier
U44: High Power Thermal Efficiency | AB44: % | AE44: =IF(AA33=0,W35,(W35+AA35)/2) -> #DIV/0! | AF44: =IF(AE44=0,"-",IF(AE44<Lists!E15,"0",IF(AE44<Lists!I15,1,IF(AE44<Lists!K15,2,IF(AE44<Lists!M15,3,4))))) -> #DIV/0!
U45: Low Power Specific Fuel Consumption | AB45: MJ/(min∙L) | AE45: =AP30*'General Information'!L22/(AP32*AP33*1000) -> #DIV/0! | AF45: =IF(AE45>Lists!E16,"0",IF(AE45>Lists!I16,1,IF(AE45>Lists!K16,2,IF(AE45>Lists!M16,3,4)))) -> #DIV/0!
U46: High Power CO | AB46: g/MJ | AE46: =IF(W42=3,IF(AA33=0,1000000/'General Information'!L22*AA23/(W35*W30),1000000/'General Information'!L22*(AA23/(W35*W30)+AI23/(AA35*AA30))/2),IF(W42=1,IF(AA33=0,1000000/'General Information'!L22*W70/(W35*W30),1000000/'General Information'!L22*(W70/(W35*W30)+AA70/(AA35*AA30))/2),IF(AA33=0,1000000/'General Information'!L22*W74/(W35*W30),1000000/'General Information'!L22*(W74/(W35*W30)+AA74/(AA35*AA30))/2))) -> #DIV/0! | AF46: =IF(AE46>Lists!E17,"0",IF(AE46>Lists!I17,1,IF(AE46>Lists!K17,2,IF(AE46>Lists!M17,3,4)))) -> #DIV/0!
U47: Low Power CO | AB47: g/(min∙L) | AE47: =IF(W42=3,AP23/(AP33*AP32)*1000,IF(W42=1,AE70/(AP33*AP32)*1000,AE74/(AP33*AP32)*1000)) -> #DIV/0! | AF47: =IF(AE47>Lists!E18,"0",IF(AE47>Lists!I18,1,IF(AE47>Lists!K18,2,IF(AE47>Lists!M18,3,4)))) -> #DIV/0!
U48: High Power PM | AB48: mg/MJ | AE48: =IF(W42=3,IF(AA33=0,10^9/'General Information'!L22*AA24/(W35*W30),10^9/'General Information'!L22*(AA24/(W35*W30)+AI24/(AA35*AA30))/2),IF(W42=1,IF(AA33=0,10^9/'General Information'!L22*W71/(W35*W30),10^9/'General Information'!L22*(W71/(W35*W30)+AA71/(AA35*AA30))/2),IF(AA33=0,10^9/'General Information'!L22*W75/(W35*W30),10^9/'General Information'!L22*(W75/(W35*W30)+AA75/(AA35*AA30))/2))) -> #DIV/0! | AF48: =IF(AE48>Lists!E19,"0",IF(AE48>Lists!I19,1,IF(AE48>Lists!K19,2,IF(AE48>Lists!M19,3,4)))) -> #DIV/0!
U49: Low Power PM | AB49: mg/(min∙L) | AE49: =IF(W42=3,AP24/(AP33*AP32)*1000000,IF(W42=1,AE71/(AP33*AP32)*1000000,AE75/(AP33*AP32)*1000000)) -> #DIV/0! | AF49: =IF(AE49>Lists!E20,"0",IF(AE49>Lists!I20,1,IF(AE49>Lists!K20,2,IF(AE49>Lists!M20,3,4)))) -> #DIV/0!
B50: Notes on the High Power - Hot Start Test | U50: Indoor CO Emissions | AB50: g/min | AE50: =IF(W42=3,IF(IF(AA33=0,AA23/W33,(AA23/W33+AI23/AA33)/2)<(AP23/AP33),AP23/AP33,IF(AA33=0,AA23/W33,(AA23/W33+AI23/AA33)/2)),IF(W42=1,IF(IF(AA33=0,W70/W33,(W70/W33+AA70/AA33)/2)<(AE70/AP33),AE70/AP33,IF(AA33=0,W70/W33,(W70/W33+AA70/AA33)/2)),IF(IF(AA33=0,W74/W33,(W74/W33+AA74/AA33)/2)<(AE74/AP33),AE74/AP33,IF(AA33=0,W74/W33,(W74/W33+AA74/AA33)/2)))) -> #DIV/0! | AF50: =IF(AE50>Lists!E21,"0",IF(AE50>Lists!I21,1,IF(AE50>Lists!K21,2,IF(AE50>Lists!M21,3,4)))) -> #DIV/0!
U51: Indoor PM Emissions | AB51: mg/min | AE51: =IF(W42=3,IF(IF(AA33=0,AA24/W33,(AA24/W33+AI24/AA33)/2)<(AP24/AP33),AP24/AP33*1000,IF(AA33=0,AA24/W33,(AA24/W33+AI24/AA33)/2)*1000),IF(W42=1,IF(IF(AA33=0,W71/W33,(W71/W33+AA71/AA33)/2)<(AE71/AP33),AE71/AP33*1000,IF(AA33=0,W71/W33,(W71/W33+AA71/AA33)/2)*1000),IF(IF(AA33=0,W75/W33,(W75/W33+AA75/AA33)/2)<(AE75/AP33),AE75/AP33*1000,IF(AA33=0,W75/W33,(W75/W33+AA75/AA33)/2)*1000))) -> #DIV/0! | AF51: =IF(AE51>Lists!E22,"0",IF(AE51>Lists!I22,1,IF(AE51>Lists!K22,2,IF(AE51>Lists!M22,3,4)))) -> #DIV/0!
U52: ="TEST #2 "&D6 -> TEST #2 | V52: Emission Report
W53: COLD START | AA53: HOT START | AE53: SIMMER TEST
U54: Calculations/Results | V54: Units | W54: data | X54: label | AA54: data | AB54: label | AE54: data | AF54: label
U55: Total exhaust flow | V55: m3 | W55: ='General Information'!$C$24*W33/60 -> 0 | X55: Vc | AA55: ='General Information'!$C$24*AA33/60 -> 0 | AB55: Vh | AE55: ='General Information'!$C$24*AP33/60 -> 0 | AF55: Vs
U56: Exhaust carbon concentration | V56: ppm | W56: =((AA18-$N21)+(AA19-$N22)+(AA20-$N23)/15/('General Information'!$C$22/0.008314/(AA21+273.15))) -> #DIV/0! | X56: CCc | AA56: =((AI18-$N21)+(AI19-$N22)+(AI20-$N23)/15/('General Information'!$C$22/0.008314/(AI21+273.15))) -> #DIV/0! | AB56: CCh | AE56: =((AP18-$N21)+(AP19-$N22)+(AP20-$N23)/15/('General Information'!$C$22/0.008314/(AP21+273.15))) -> #DIV/0! | AF56: CCs
U57: Total carbon in exhaust | V57: g/m3 | W57: ='General Information'!$C$22/0.008314/(AA21+273.15)*W56*0.000001*12 -> #DIV/0! | X57: Cc | AA57: ='General Information'!$C$22/0.008314/(AI21+273.15)*AA56*0.000001*12 -> #DIV/0! | AB57: Ch | AE57: ='General Information'!$C$22/0.008314/(AP21+273.15)*AE56*0.000001*12 -> #DIV/0! | AF57: Cs
U58: Fuel consumed est. (dry) | V58: g | W58: =W57*W55/fuelFracC -> #DIV/0! | X58: fce | AA58: =AA57*AA55/fuelFracC -> #DIV/0! | AB58: fhe | AE58: =AE57*AE55/fuelFracC -> #DIV/0! | AF58: fse
U59: Hood carbon balance | V59: % | W59: =W58/((1-$E$18)*(W28)-W29*charFracC/'General Information'!L23) -> #DIV/0! | X59: CBc | AA59: =AA58/((1-$E$18)*(AA28)-AA29*charFracC/'General Information'!L23) -> #DIV/0! | AB59: CBh | AE59: =AE58/((1-$E$18)*(AP28)-AP29*charFracC/'General Information'!L23) -> #DIV/0! | AF59: CBs
U60: Emission per water boiled
B61: Notes on the Low Power - Simmer Test | U61: CO2 | V61: g/liter | W61: =IF($W$42=3,AA22/W$32*1000,IF($W$42=1,W69/W$32*1000,W73/W$32*1000)) -> #DIV/0! | X61: ECO2,c | AA61: =IF($W$42=3,AI22/AA$32*1000,IF($W$42=1,AA69/AA$32*1000,AA73/AA$32*1000)) -> #DIV/0! | AB61: ECO2,h | AE61: =IF($W$42=3,AP22/AP$32*1000,IF($W$42=1,AE69/AP$32*1000,AE73/AP$32*1000)) -> #DIV/0! | AF61: ECO2,s
U62: CO | V62: g/liter | W62: =IF($W$42=3,AA23/W$32*1000,IF($W$42=1,W70/W$32*1000,W74/W$32*1000)) -> #DIV/0! | X62: ECO,c | AA62: =IF($W$42=3,AI23/AA$32*1000,IF($W$42=1,AA70/AA$32*1000,AA74/AA$32*1000)) -> #DIV/0! | AB62: ECO,h | AE62: =IF($W$42=3,AP23/AP$32*1000,IF($W$42=1,AE70/AP$32*1000,AE74/AP$32*1000)) -> #DIV/0! | AF62: ECO,s
U63: PM | V63: g/liter | W63: =IF($W$42=3,AA24/W$32*1000,IF($W$42=1,W71/W$32*1000,W75/W$32*1000)) -> #DIV/0! | X63: EPM,c | AA63: =IF($W$42=3,AI24/AA$32*1000,IF($W$42=1,AA71/AA$32*1000,AA75/AA$32*1000)) -> #DIV/0! | AB63: EPM,h | AE63: =IF($W$42=3,AP24/AP$32*1000,IF($W$42=1,AE71/AP$32*1000,AE75/AP$32*1000)) -> #DIV/0! | AF63: EPM,s
U64: Mass emission factors
U65: CO2 | V65: g/kgf | W65: =IF(W42=2,W73/(W28*(1-E18)-W29*charFracC/fuelFracC),IF(W56>0,((AA18-$N21)*44/12)/(W$56/fuelFracC)*1000,0)) -> #DIV/0! | X65: EFCO2,c | AA65: =IF(W42=2,AA73/(AA28*(1-E18)-AA29*charFracC/fuelFracC),IF(AA56>0,((AI18-$N21)*44/12)/(AA$56/fuelFracC)*1000,0)) -> #DIV/0! | AB65: EFCO2,h | AE65: =IF(W42=2,AE73/(AP28*(1-E18)-AP29*charFracC/fuelFracC),IF(AE56>0,((AP18-$N21)*44/12)/(AE$56/fuelFracC)*1000,0)) -> #DIV/0! | AF65: EFCO2,s
U66: CO | V66: g/kgf | W66: =IF(W42=2,W74/(W28*(1-E18)-W29*charFracC/fuelFracC),IF(W56>0,((AA19-$N22)*28/12)/(W$56/fuelFracC)*1000,0)) -> #DIV/0! | X66: EFCO,c | AA66: =IF(W42=2,AA74/(AA28*(1-E18)-AA29*charFracC/fuelFracC),IF(AA56>0,((AI19-$N22)*28/12)/(AA$56/fuelFracC)*1000,0)) -> #DIV/0! | AB66: EFCO,h | AE66: =IF(W42=2,AE74/(AP28*(1-E18)-AP29*charFracC/fuelFracC),IF(AE56>0,((AP19-$N22)*28/12)/(AE$56/fuelFracC)*1000,0)) -> #DIV/0! | AF66: EFCO,s
U67: PM | V67: g/kgf | W67: =IF(W42=2,W75/(W28*(1-E18)-W29*charFracC/fuelFracC),IF(W57>0,(AA20-$N23)/(W$57/fuelFracC)*1000/1000000,0)) -> #DIV/0! | X67: EFPM,c | AA67: =IF(W42=2,AA75/(AA28*(1-E18)-AA29*charFracC/fuelFracC),IF(AA57>0,(AI20-$N23)/(AA$57/fuelFracC)*1000/1000000,0)) -> #DIV/0! | AB67: EFPM,h | AE67: =IF(W42=2,AE75/(AP28*(1-E18)-AP29*charFracC/fuelFracC),IF(AE57>0,(AP20-$N23)/(AE$57/fuelFracC)*1000/1000000,0)) -> #DIV/0! | AF67: EFPM,s
U68: Total Emissions (carbon balance)
U69: CO2 | V69: g | W69: =W65*(W28*(1-$E$18)-W29*charFracC/fuelFracC)/1000 -> #DIV/0! | X69: mCO2,c | AA69: =AA65*(AA28*(1-$E$18)-AA29*charFracC/fuelFracC)/1000 -> #DIV/0! | AB69: mCO2,h | AE69: =AE65*(AP28*(1-$E$18)-AP29*charFracC/fuelFracC)/1000 -> #DIV/0! | AF69: mCO2,s
U70: CO | V70: g | W70: =W66*(W28*(1-$E$18)-W29*charFracC/fuelFracC)/1000 -> #DIV/0! | X70: mCO,c | AA70: =AA66*(AA28*(1-$E$18)-AA29*charFracC/fuelFracC)/1000 -> #DIV/0! | AB70: mCO,h | AE70: =AE66*(AP28*(1-$E$18)-AP29*charFracC/fuelFracC)/1000 -> #DIV/0! | AF70: mCO,s
U71: PM | V71: g | W71: =W67*(W28*(1-$E$18)-W29*charFracC/fuelFracC)/1000 -> #DIV/0! | X71: mPM,c | AA71: =AA67*(AA28*(1-$E$18)-AA29*charFracC/fuelFracC)/1000 -> #DIV/0! | AB71: mPM,h | AE71: =AE67*(AP28*(1-$E$18)-AP29*charFracC/fuelFracC)/1000 -> #DIV/0! | AF71: mPM,s
U72: Total Emissions (total capture)
U73: CO2 | V73: g | W73: =W55*(AA18-N21)*(44*'General Information'!C22)/(0.008314*(AA21+273.15))/1000000 -> 0 | X73: mCO2,c | AA73: =AA55*(AI18-N21)*(44*'General Information'!C22)/(0.008314*(AI21+273.15))/1000000 -> 0 | AB73: mCO2,h | AE73: =AE55*(AP18-N21)*(44*'General Information'!C22)/(0.008314*(AP21+273.15))/1000000 -> 0 | AF73: mCO2,s
U74: CO | V74: g | W74: =W55*(AA19-N22)*(28*'General Information'!C22)/(0.008314*(AA21+273.15))/1000000 -> 0 | X74: mCO,c | AA74: =AA55*(AI19-N22)*(28*'General Information'!C22)/(0.008314*(AI21+273.15))/1000000 -> 0 | AB74: mCO,h | AE74: =AE55*(AP19-N22)*(28*'General Information'!C22)/(0.008314*(AP21+273.15))/1000000 -> 0 | AF74: mCO,s
U75: PM | V75: g | W75: =W55*(AA20-N23)/1000000 -> 0 | X75: mPM,c | AA75: =AA55*(AI20-N23)/1000000 -> 0 | AB75: mPM,h | AE75: =AE55*(AP20-N23)/1000000 -> 0 | AF75: mPM,s
U76: Emission benchmarks:
U77: CO to Complete 5L WBT | V77: g | W77: =(IF(ISERROR(AA$38),W62,AVERAGE(W62,AA62))+AE62)*5 -> #DIV/0! | X77: BCO
U78: PM to Complete 5L WBT | V78: g | W78: =(IF(ISERROR(AA$38),W63,AVERAGE(W63,AA63))+AE63)*5 -> #DIV/0! | X78: BPM

Sheet Test-3
A2: ="WATER BOILING TEST - VERSION "&version&" - TEST #3" -> WATER BOILING TEST - VERSION 4.2.3 - TEST #3 | U2: ="TEST #3 "&D7 -> TEST #3 | W2: COLD START HIGH POWER | AE2: HOT START HIGH POWER (OPTIONAL) | AL2: SIMMER TEST
B3: DATA AND CALCULATION FORM (for one to four pots)* | W3: Start | AA3: Finish: when | AE3: Start | AI3: Finish: when | AL3: Start | AP3: Finish: 45 min
B4: Shaded cells and arrows require user input; unshaded cells automatically display outputs | AA4: Pot #1 boils | AI4: Pot #1 boils
B5: Qualitative data | U5: Measurements | V5: Units | W5: data | X5: label | AA5: data | AB5: label | AE5: data | AF5: label | AI5: data | AJ5: label | AL5: data | AM5: label | AP5: data | AQ5: label
B6: Name(s) of Tester(s) | M6: gray: efficiency | U6: Time (in 24 hour form) | V6: hr:min | X6: tci | AB6: tcf | AF6: thi | AJ6: thf | AM6: tsi | AQ6: tsf
B7: Test Number | M7: blue: emissions | U7: Weight of fuel | V7: g | X7: fci | AB7: fcf | AF7: fhi | AJ7: fhf | AM7: fsi | AQ7: fsf
B8: Date | M8: pink: error, missing input | U8: Water temperature, Pot # 1 | V8: ºC | X8: T1ci | AB8: T1cf | AF8: T1hi | AJ8: T1hf | AM8: T1si | AQ8: T1sf
B9: Location | D9: ='General Information'!C7 -> 0 | U9: Water temperature, Pot # 2 | V9: ºC | X9: T2ci | AB9: T2cf | AF9: T2hi | AJ9: T2hf | AM9: T2si | AQ9: T2sf
B10: Stove type/model | D10: ='General Information'!C10 -> 0 | U10: Water temperature, Pot # 3 | V10: ºC | X10: T3ci | AB10: T3cf | AF10: T3hi | AJ10: T3hf | AM10: T3si | AQ10: T3sf
B11: Type of fuel | D11: ='General Information'!J3 -> 0 | U11: Water temperature, Pot # 4 | V11: ºC | X11: T4ci | AB11: T4cf | AF11: T4hi | AJ11: T4hf | AM11: T4si | AQ11: T4sf
U12: Weight of Pot # 1 with water | V12: g | X12: P1ci | AB12: P1cf | AF12: P1hi | AJ12: P1hf | AM12: P1si | AQ12: P1sf
B13: Initial Test Conditions | U13: Weight of Pot # 2 with water | V13: g | X13: P2ci | AB13: P2cf | AF13: P2hi | AJ13: P2hf | AM13: P2si | AQ13: P2sf
B14: Data | E14: value | G14: units | I14: label | K14: Data | N14: value | P14: units | R14: label | U14: Weight of Pot # 3 with water | V14: g | X14: P3ci | AB14: P3cf | AF14: P3hi | AJ14: P3hf | AM14: P3si | AQ14: P3sf
B15: Air temperature | G15: ºC | K15: Dry weight of Pot # 1 (grams) | P15: g | R15: P1 | U15: Weight of Pot # 4 with water | V15: g | X15: P4ci | AB15: P4cf | AF15: P4hi | AJ15: P4hf | AM15: P4si | AQ15: P4sf
B16: Wind conditions | E16: 1 | K16: Dry weight of Pot # 2 (grams) | P16: g | R16: P2 | U16: Fire-starting materials (if any) | V16: --
B17: Fuel dimensions | K17: Dry weight of Pot # 3 (grams) | P17: g | R17: P3 | U17: Weight of charcoal+container | V17: g | AB17: cc | AI17: =AA17 -> 0 | AJ17: ch | AQ17: cs
B18: Fuel moisture content (wet basis) | G18: % | I18: MC | K18: Dry weight of Pot # 4 (grams) | P18: g | R18: P4 | U18: Average CO2 | V18: ppm | AB18: CO2c | AJ18: CO2h | AQ18: CO2s
B19: Gross calorific value (dry fuel) | E19: ='General Information'!L21 -> 0 | G19: kJ/kg | I19: HHV | K19: Weight of container for char (grams) | P19: g | R19: k | U19: Average CO | V19: ppm | Z19: 10 | AB19: COc | AJ19: COh | AQ19: COs
B20: Net calorific value (dry fuel) | E20: ='General Information'!L22 -> 0 | G20: kJ/kg | I20: LHV | K20: Local boiling point | N20: ='General Information'!C20 -> 0 | P20: ºC | R20: Tb | U20: Average PM | V20: ug/m3 | AB20: PMc | AJ20: PMh | AQ20: PMs
B21: Effective calorific value | K21: Background concentrations: CO2 | P21: ppm | R21: CO2,b | U21: Average Duct Temperature | V21: ºC | AB21: Tcd | AJ21: Thd | AQ21: Tsd
B22: (accounting for fuel moisture) | E22: =E20*(1-E18)-(E18*((N20-E15)*4.2+2260)) -> 0 | G22: kJ/kg | I22: EHV | M22: CO | P22: ppm | R22: CO,b | U22: Total CO2 (if available) | V22: g | AB22: mCO2,c | AJ22: mCO2,h | AQ22: mCO2,s
B23: Char calorific value | E23: ='General Information'!L11 -> 0 | G23: kJ/kg | M23: PM | P23: ug/m3 | R23: PM,b | U23: Total CO (if available) | V23: g | Z23: 10 | AB23: mCO,c | AJ23: mCO,h | AQ23: mCO,s
U24: Total PM (if available) | V24: g | AB24: mPM,c | AJ24: mPM,h | AQ24: mPM,s
B25: Notes about this test:
W26: COLD START | AA26: HOT START | AE26: SIMMER TEST (CALCULATIONS DIFFER FROM HIGH POWER TEST)
U27: Calculations/Results | V27: Units | W27: data | X27: label | AA27: data | AB27: label | AE27: Calculations/Results | AM27: Units | AP27: data | AQ27: label
U28: Fuel consumed (moist) | V28: g | W28: =W7-AA7 -> 0 | X28: fcm | AA28: =AE7-AI7 -> 0 | AB28: fhm | AE28: Fuel consumed during the simmer phase (moist) | AM28: g | AP28: =AL7-AP7 -> 0 | AQ28: fsm
U29: Net change in char during test | V29: g | W29: =AA17-$N$19 -> 0 | X29: Δcc | AA29: =IF(AA28=0,0,AI17-$N$19) -> 0 | AB29: Δch | AE29: Net change in char during test phase | AM29: g | AP29: =(AP17-$N$19)-W29 -> 0 | AQ29: Δcs
U30: Equivalent dry fuel consumed | V30: g | W30: =(W28*($E$20*(1-$E$18)-$E$18*(4.186*($N$20-$E$15)+2257))-W29*$E23)/$E$20 -> #DIV/0! | X30: fcd | AA30: =IF(AA28=0,0,(AA28*($E$20*(1-$E$18)-$E$18*(4.186*($N$20-$E$15)+2257))-AA29*$E23)/$E$20) -> 0 | AB30: fhd | AE30: Equivalent dry fuel consumed | AM30: g | AP30: =(AP28*($E$20*(1-$E$18)-$E$18*(4.186*($N$20-$E$15)+2257))-AP29*$E23)/$E$20 -> #DIV/0! | AQ30: fsd
U31: Water vaporized from all pots | V31: g | W31: =SUM(W12:W15)-SUM(AA12:AA15) -> 0 | X31: wcv | AA31: =SUM(AE12:AE15)-SUM(AI12:AI15) -> 0 | AB31: whv | AE31: Water vaporized | AM31: g | AP31: =(AL12-AP12)+(AL13-AP13)+(AL14-AP14)+(AL15-AP15) -> 0 | AQ31: wsv
U32: Effective mass of water boiled | V32: g | W32: =((AA12-$N15)*(AA8-W8)/($N$20-W8)+(AA13-$N16)*(AA9-W9)/($N$20-W9)+(AA14-$N17)*(AA10-W10)/($N$20-W10)+(AA15-$N18)*(AA11-W11)/($N$20-W11)) -> #DIV/0! | X32: wcr | AA32: =((AI12-$N15)*(AI8-AE8)/($N$20-AE8)+(AI13-$N16)*(AI9-AE9)/($N$20-AE9)+(AI14-$N17)*(AI10-AE10)/($N$20-AE10)+(AI15-$N18)*(AI11-AE11)/($N$20-AE11)) -> #DIV/0! | AB32: whr | AE32: Water remaining at end - All Pots | AM32: g | AP32: =(AP12-$N$15+((AP9-25)/(N20-25))*(AP13-N16)+((AP10-25)/(N20-25))*(AP14-N17)+((AP11-25)/(N20-25))*(AP15-N18)) -> 0 | AQ32: wsr
U33: Time to boil Pot # 1 | V33: min | W33: =(AA6-W6)*1440 -> 0 | X33: Δtc | AA33: =(AI6-AE6)*1440 -> 0 | AB33: Δth | AE33: Time of simmer (should be ~45 minutes) | AM33: min | AP33: =(AP6-AL6)*1440 -> 0 | AQ33: Δts
U34: Temp-corr time to boil Pot # 1 | V34: min | W34: =W33*75/(N20-W8) -> #DIV/0! | X34: ΔtTc | AA34: =AA33*75/(N20-AE8) -> #DIV/0! | AB34: ΔtTh | AE34: Thermal efficiency | AM34: % | AP34: =(4.186*((AL12-$N15+AP32)/2)*(AP8-AL8)+2260*AP31)/(AP30*$E$20) -> #DIV/0! | AQ34: hs
U35: Thermal efficiency | V35: % | W35: =(4.186*SUM((W12-$N15)*(AA8-W8),(W13-$N16)*(AA9-W9),(W14-$N17)*(AA10-W10),(W15-$N18)*(AA11-W11))+2260*W31)/(W30*$E20) -> #DIV/0! | X35: hc | AA35: =(4.186*SUM((AE12-$N15)*(AI8-AE8),(AE13-$N16)*(AI9-AE9),(AE14-$N17)*(AI10-AE10),(AE15-$N18)*(AI11-AE11))+2260*AA31)/(AA30*$E20) -> #DIV/0! | AB35: hh | AE35: Burning rate | AM35: g/min | AP35: =AP30/AP33 -> #DIV/0! | AQ35: rsb
B36: BASIC TEST DATA | U36: Burning rate | V36: g/min | W36: =W30/W33 -> #DIV/0! | X36: rcb | AA36: =AA30/AA33 -> #DIV/0! | AB36: rhb | AE36: Specific fuel consumption | AM36: g/liter remaining | AP36: =AP30/AP32*1000 -> #DIV/0! | AQ36: SCs
U37: Specific fuel consumption | V37: g/liter boiled | W37: =1000*W30/W32 -> #DIV/0! | X37: SCc | AA37: =1000*AA30/AA32 -> #DIV/0! | AB37: SCh | AE37: Firepower | AM37: watts | AP37: =AP30*$E$20/(AP33*60) -> #DIV/0! | AQ37: FPs
B38: ="TEST #3 "&D7 -> TEST #3 | U38: Temp-corr sp consumption | V38: g/liter | W38: =W37*75/($N$20-W8) -> #DIV/0! | X38: SCTc | AA38: =AA37*75/($N$20-AE8) -> #DIV/0! | AB38: SCTh | AE38: Turn down ratio | AM38: -- | AP38: =W40/AP37 -> #DIV/0! | AQ38: TDR
B39: Notes on the High Power - Cold Start Test. Add description only if it differs from "General Information" sheet | U39: Temp-corr sp energy consumpt. | V39: kJ/liter | W39: =(W38/1000)*E20 -> #DIV/0! | X39: SETC | AA39: =(AA38/1000)*E20 -> #DIV/0! | AB39: SETH | AE39: Specific Energy Consumption | AM39: kJ/liter | AP39: =(AP36/1000)*E20 -> #DIV/0! | AQ39: SES
U40: Firepower | V40: watts | W40: =W30*$E$20/(W33*60) -> #DIV/0! | X40: FPc | AA40: =AA30*$E$20/(AA33*60) -> #DIV/0! | AB40: FPh | AE40: Fuel Benchmark to Complete 5L WBT | AM40: g | AP40: =IF(ISERROR(AA38),5*(W38+AP36),5*(AVERAGE(W38,AA38)+AP36)) -> #DIV/0! | AQ40: BF
AE41: Energy Benchmark to Complete 5L WBT | AM41: kJ | AP41: =(AP40/1000)*E20 -> #DIV/0! | AQ41: BE
U42: Emissions Calculation Method: | W42: 1
U43: IWA PERFORMANCE METRICS | AE43: Data | AF43: Tier
U44: High Power Thermal Efficiency | AB44: % | AE44: =IF(AA33=0,W35,(W35+AA35)/2) -> #DIV/0! | AF44: =IF(AE44=0,"-",IF(AE44<Lists!E15,"0",IF(AE44<Lists!I15,1,IF(AE44<Lists!K15,2,IF(AE44<Lists!M15,3,4))))) -> #DIV/0!
U45: Low Power Specific Fuel Consumption | AB45: MJ/(min∙L) | AE45: =AP30*'General Information'!L22/(AP32*AP33*1000) -> #DIV/0! | AF45: =IF(AE45>Lists!E16,"0",IF(AE45>Lists!I16,1,IF(AE45>Lists!K16,2,IF(AE45>Lists!M16,3,4)))) -> #DIV/0!
U46: High Power CO | AB46: g/MJ | AE46: =IF(W42=3,IF(AA33=0,1000000/'General Information'!L22*AA23/(W35*W30),1000000/'General Information'!L22*(AA23/(W35*W30)+AI23/(AA35*AA30))/2),IF(W42=1,IF(AA33=0,1000000/'General Information'!L22*W70/(W35*W30),1000000/'General Information'!L22*(W70/(W35*W30)+AA70/(AA35*AA30))/2),IF(AA33=0,1000000/'General Information'!L22*W74/(W35*W30),1000000/'General Information'!L22*(W74/(W35*W30)+AA74/(AA35*AA30))/2))) -> #DIV/0! | AF46: =IF(AE46>Lists!E17,"0",IF(AE46>Lists!I17,1,IF(AE46>Lists!K17,2,IF(AE46>Lists!M17,3,4)))) -> #DIV/0!
U47: Low Power CO | AB47: g/(min∙L) | AE47: =IF(W42=3,AP23/(AP33*AP32)*1000,IF(W42=1,AE70/(AP33*AP32)*1000,AE74/(AP33*AP32)*1000)) -> #DIV/0! | AF47: =IF(AE47>Lists!E18,"0",IF(AE47>Lists!I18,1,IF(AE47>Lists!K18,2,IF(AE47>Lists!M18,3,4)))) -> #DIV/0!
U48: High Power PM | AB48: mg/MJ | AE48: =IF(W42=3,IF(AA33=0,10^9/'General Information'!L22*AA24/(W35*W30),10^9/'General Information'!L22*(AA24/(W35*W30)+AI24/(AA35*AA30))/2),IF(W42=1,IF(AA33=0,10^9/'General Information'!L22*W71/(W35*W30),10^9/'General Information'!L22*(W71/(W35*W30)+AA71/(AA35*AA30))/2),IF(AA33=0,10^9/'General Information'!L22*W75/(W35*W30),10^9/'General Information'!L22*(W75/(W35*W30)+AA75/(AA35*AA30))/2))) -> #DIV/0! | AF48: =IF(AE48>Lists!E19,"0",IF(AE48>Lists!I19,1,IF(AE48>Lists!K19,2,IF(AE48>Lists!M19,3,4)))) -> #DIV/0!
U49: Low Power PM | AB49: mg/(min∙L) | AE49: =IF(W42=3,AP24/(AP33*AP32)*1000000,IF(W42=1,AE71/(AP33*AP32)*1000000,AE75/(AP33*AP32)*1000000)) -> #DIV/0! | AF49: =IF(AE49>Lists!E20,"0",IF(AE49>Lists!I20,1,IF(AE49>Lists!K20,2,IF(AE49>Lists!M20,3,4)))) -> #DIV/0!
B50: Notes on the High Power - Hot Start Test | U50: Indoor CO Emissions | AB50: g/min | AE50: =IF(W42=3,IF(IF(AA33=0,AA23/W33,(AA23/W33+AI23/AA33)/2)<(AP23/AP33),AP23/AP33,IF(AA33=0,AA23/W33,(AA23/W33+AI23/AA33)/2)),IF(W42=1,IF(IF(AA33=0,W70/W33,(W70/W33+AA70/AA33)/2)<(AE70/AP33),AE70/AP33,IF(AA33=0,W70/W33,(W70/W33+AA70/AA33)/2)),IF(IF(AA33=0,W74/W33,(W74/W33+AA74/AA33)/2)<(AE74/AP33),AE74/AP33,IF(AA33=0,W74/W33,(W74/W33+AA74/AA33)/2)))) -> #DIV/0! | AF50: =IF(AE50>Lists!E21,"0",IF(AE50>Lists!I21,1,IF(AE50>Lists!K21,2,IF(AE50>Lists!M21,3,4)))) -> #DIV/0!
U51: Indoor PM Emissions | AB51: mg/min | AE51: =IF(W42=3,IF(IF(AA33=0,AA24/W33,(AA24/W33+AI24/AA33)/2)<(AP24/AP33),AP24/AP33*1000,IF(AA33=0,AA24/W33,(AA24/W33+AI24/AA33)/2)*1000),IF(W42=1,IF(IF(AA33=0,W71/W33,(W71/W33+AA71/AA33)/2)<(AE71/AP33),AE71/AP33*1000,IF(AA33=0,W71/W33,(W71/W33+AA71/AA33)/2)*1000),IF(IF(AA33=0,W75/W33,(W75/W33+AA75/AA33)/2)<(AE75/AP33),AE75/AP33*1000,IF(AA33=0,W75/W33,(W75/W33+AA75/AA33)/2)*1000))) -> #DIV/0! | AF51: =IF(AE51>Lists!E22,"0",IF(AE51>Lists!I22,1,IF(AE51>Lists!K22,2,IF(AE51>Lists!M22,3,4)))) -> #DIV/0!
U52: ="TEST #3 "&D7 -> TEST #3 | V52: Emission Report
W53: COLD START | AA53: HOT START | AE53: SIMMER TEST
U54: Calculations/Results | V54: Units | W54: data | X54: label | AA54: data | AB54: label | AE54: data | AF54: label
U55: Total exhaust flow | V55: m3 | W55: ='General Information'!$C$24*W33/60 -> 0 | X55: Vc | AA55: ='General Information'!$C$24*AA33/60 -> 0 | AB55: Vh | AE55: ='General Information'!$C$24*AP33/60 -> 0 | AF55: Vs
U56: Exhaust carbon concentration | V56: ppm | W56: =((AA18-$N21)+(AA19-$N22)+(AA20-$N23)/15/('General Information'!$C$22/0.008314/(AA21+273.15))) -> #DIV/0! | X56: CCc | AA56: =((AI18-$N21)+(AI19-$N22)+(AI20-$N23)/15/('General Information'!$C$22/0.008314/(AI21+273.15))) -> #DIV/0! | AB56: CCh | AE56: =((AP18-$N21)+(AP19-$N22)+(AP20-$N23)/15/('General Information'!$C$22/0.008314/(AP21+273.15))) -> #DIV/0! | AF56: CCs
U57: Total carbon in exhaust | V57: g/m3 | W57: ='General Information'!$C$22/0.008314/(AA21+273.15)*W56*0.000001*12 -> #DIV/0! | X57: Cc | AA57: ='General Information'!$C$22/0.008314/(AI21+273.15)*AA56*0.000001*12 -> #DIV/0! | AB57: Ch | AE57: ='General Information'!$C$22/0.008314/(AP21+273.15)*AE56*0.000001*12 -> #DIV/0! | AF57: Cs
U58: Fuel consumed est. (dry) | V58: g | W58: =W57*W55/fuelFracC -> #DIV/0! | X58: fce | AA58: =AA57*AA55/fuelFracC -> #DIV/0! | AB58: fhe | AE58: =AE57*AE55/fuelFracC -> #DIV/0! | AF58: fse
U59: Hood carbon balance | V59: % | W59: =W58/((1-$E$18)*(W28)-W29*charFracC/'General Information'!L23) -> #DIV/0! | X59: CBc | AA59: =AA58/((1-$E$18)*(AA28)-AA29*charFracC/'General Information'!L23) -> #DIV/0! | AB59: CBh | AE59: =AE58/((1-$E$18)*(AP28)-AP29*charFracC/'General Information'!L23) -> #DIV/0! | AF59: CBs
U60: Emission per water boiled
B61: Notes on the Low Power - Simmer Test | U61: CO2 | V61: g/liter | W61: =IF($W$42=3,AA22/W$32*1000,IF($W$42=1,W69/W$32*1000,W73/W$32*1000)) -> #DIV/0! | X61: ECO2,c | AA61: =IF($W$42=3,AI22/AA$32*1000,IF($W$42=1,AA69/AA$32*1000,AA73/AA$32*1000)) -> #DIV/0! | AB61: ECO2,h | AE61: =IF($W$42=3,AP22/AP$32*1000,IF($W$42=1,AE69/AP$32*1000,AE73/AP$32*1000)) -> #DIV/0! | AF61: ECO2,s
U62: CO | V62: g/liter | W62: =IF($W$42=3,AA23/W$32*1000,IF($W$42=1,W70/W$32*1000,W74/W$32*1000)) -> #DIV/0! | X62: ECO,c | AA62: =IF($W$42=3,AI23/AA$32*1000,IF($W$42=1,AA70/AA$32*1000,AA74/AA$32*1000)) -> #DIV/0! | AB62: ECO,h | AE62: =IF($W$42=3,AP23/AP$32*1000,IF($W$42=1,AE70/AP$32*1000,AE74/AP$32*1000)) -> #DIV/0! | AF62: ECO,s
U63: PM | V63: g/liter | W63: =IF($W$42=3,AA24/W$32*1000,IF($W$42=1,W71/W$32*1000,W75/W$32*1000)) -> #DIV/0! | X63: EPM,c | AA63: =IF($W$42=3,AI24/AA$32*1000,IF($W$42=1,AA71/AA$32*1000,AA75/AA$32*1000)) -> #DIV/0! | AB63: EPM,h | AE63: =IF($W$42=3,AP24/AP$32*1000,IF($W$42=1,AE71/AP$32*1000,AE75/AP$32*1000)) -> #DIV/0! | AF63: EPM,s
U64: Mass emission factors
U65: CO2 | V65: g/kgf | W65: =IF(W42=2,W73/(W28*(1-E18)-W29*charFracC/fuelFracC),IF(W56>0,((AA18-$N21)*44/12)/(W$56/fuelFracC)*1000,0)) -> #DIV/0! | X65: EFCO2,c | AA65: =IF(W42=2,AA73/(AA28*(1-E18)-AA29*charFracC/fuelFracC),IF(AA56>0,((AI18-$N21)*44/12)/(AA$56/fuelFracC)*1000,0)) -> #DIV/0! | AB65: EFCO2,h | AE65: =IF(W42=2,AE73/(AP28*(1-E18)-AP29*charFracC/fuelFracC),IF(AE56>0,((AP18-$N21)*44/12)/(AE$56/fuelFracC)*1000,0)) -> #DIV/0! | AF65: EFCO2,s
U66: CO | V66: g/kgf | W66: =IF(W42=2,W74/(W28*(1-E18)-W29*charFracC/fuelFracC),IF(W56>0,((AA19-$N22)*28/12)/(W$56/fuelFracC)*1000,0)) -> #DIV/0! | X66: EFCO,c | AA66: =IF(W42=2,AA74/(AA28*(1-E18)-AA29*charFracC/fuelFracC),IF(AA56>0,((AI19-$N22)*28/12)/(AA$56/fuelFracC)*1000,0)) -> #DIV/0! | AB66: EFCO,h | AE66: =IF(W42=2,AE74/(AP28*(1-E18)-AP29*charFracC/fuelFracC),IF(AE56>0,((AP19-$N22)*28/12)/(AE$56/fuelFracC)*1000,0)) -> #DIV/0! | AF66: EFCO,s
U67: PM | V67: g/kgf | W67: =IF(W42=2,W75/(W28*(1-E18)-W29*charFracC/fuelFracC),IF(W57>0,(AA20-$N23)/(W$57/fuelFracC)*1000/1000000,0)) -> #DIV/0! | X67: EFPM,c | AA67: =IF(W42=2,AA75/(AA28*(1-E18)-AA29*charFracC/fuelFracC),IF(AA57>0,(AI20-$N23)/(AA$57/fuelFracC)*1000/1000000,0)) -> #DIV/0! | AB67: EFPM,h | AE67: =IF(W42=2,AE75/(AP28*(1-E18)-AP29*charFracC/fuelFracC),IF(AE57>0,(AP20-$N23)/(AE$57/fuelFracC)*1000/1000000,0)) -> #DIV/0! | AF67: EFPM,s
U68: Total Emissions (carbon balance)
U69: CO2 | V69: g | W69: =W65*(W28*(1-$E$18)-W29*charFracC/fuelFracC)/1000 -> #DIV/0! | X69: mCO2,c | AA69: =AA65*(AA28*(1-$E$18)-AA29*charFracC/fuelFracC)/1000 -> #DIV/0! | AB69: mCO2,h | AE69: =AE65*(AP28*(1-$E$18)-AP29*charFracC/fuelFracC)/1000 -> #DIV/0! | AF69: mCO2,s
U70: CO | V70: g | W70: =W66*(W28*(1-$E$18)-W29*charFracC/fuelFracC)/1000 -> #DIV/0! | X70: mCO,c | AA70: =AA66*(AA28*(1-$E$18)-AA29*charFracC/fuelFracC)/1000 -> #DIV/0! | AB70: mCO,h | AE70: =AE66*(AP28*(1-$E$18)-AP29*charFracC/fuelFracC)/1000 -> #DIV/0! | AF70: mCO,s
U71: PM | V71: g | W71: =W67*(W28*(1-$E$18)-W29*charFracC/fuelFracC)/1000 -> #DIV/0! | X71: mPM,c | AA71: =AA67*(AA28*(1-$E$18)-AA29*charFracC/fuelFracC)/1000 -> #DIV/0! | AB71: mPM,h | AE71: =AE67*(AP28*(1-$E$18)-AP29*charFracC/fuelFracC)/1000 -> #DIV/0! | AF71: mPM,s
U72: Total Emissions (total capture)
U73: CO2 | V73: g | W73: =W55*(AA18-N21)*(44*'General Information'!C22)/(0.008314*(AA21+273.15))/1000000 -> 0 | X73: mCO2,c | AA73: =AA55*(AI18-N21)*(44*'General Information'!C22)/(0.008314*(AI21+273.15))/1000000 -> 0 | AB73: mCO2,h | AE73: =AE55*(AP18-N21)*(44*'General Information'!C22)/(0.008314*(AP21+273.15))/1000000 -> 0 | AF73: mCO2,s
U74: CO | V74: g | W74: =W55*(AA19-N22)*(28*'General Information'!C22)/(0.008314*(AA21+273.15))/1000000 -> 0 | X74: mCO,c | AA74: =AA55*(AI19-N22)*(28*'General Information'!C22)/(0.008314*(AI21+273.15))/1000000 -> 0 | AB74: mCO,h | AE74: =AE55*(AP19-N22)*(28*'General Information'!C22)/(0.008314*(AP21+273.15))/1000000 -> 0 | AF74: mCO,s
U75: PM | V75: g | W75: =W55*(AA20-N23)/1000000 -> 0 | X75: mPM,c | AA75: =AA55*(AI20-N23)/1000000 -> 0 | AB75: mPM,h | AE75: =AE55*(AP20-N23)/1000000 -> 0 | AF75: mPM,s
U76: Emission benchmarks:
U77: CO to Complete 5L WBT | V77: g | W77: =(IF(ISERROR(AA$38),W62,AVERAGE(W62,AA62))+AE62)*5 -> #DIV/0! | X77: BCO
U78: PM to Complete 5L WBT | V78: g | W78: =(IF(ISERROR(AA$38),W63,AVERAGE(W63,AA63))+AE63)*5 -> #DIV/0! | X78: BPM

Sheet Test-4
A2: ="WATER BOILING TEST - VERSION "&version&" - TEST #4" -> WATER BOILING TEST - VERSION 4.2.3 - TEST #4 | U2: ="TEST #4 "&D7 -> TEST #4 | W2: COLD START HIGH POWER | AE2: HOT START HIGH POWER (OPTIONAL) | AL2: SIMMER TEST
B3: DATA AND CALCULATION FORM (for one to four pots)* | W3: Start | AA3: Finish: when | AE3: Start | AI3: Finish: when | AL3: Start | AP3: Finish: 45 min
B4: Shaded cells and arrows require user input; unshaded cells automatically display outputs | AA4: Pot #1 boils | AI4: Pot #1 boils
B5: Qualitative data | U5: Measurements | V5: Units | W5: data | X5: label | AA5: data | AB5: label | AE5: data | AF5: label | AI5: data | AJ5: label | AL5: data | AM5: label | AP5: data | AQ5: label
B6: Name(s) of Tester(s) | M6: gray: efficiency | U6: Time (in 24 hour form) | V6: hr:min | X6: tci | AB6: tcf | AF6: thi | AJ6: thf | AM6: tsi | AQ6: tsf
B7: Test Number | M7: blue: emissions | U7: Weight of fuel | V7: g | X7: fci | AB7: fcf | AF7: fhi | AJ7: fhf | AM7: fsi | AQ7: fsf
B8: Date | M8: pink: error, missing input | U8: Water temperature, Pot # 1 | V8: ºC | X8: T1ci | AB8: T1cf | AF8: T1hi | AJ8: T1hf | AM8: T1si | AQ8: T1sf
B9: Location | D9: ='General Information'!C7 -> 0 | U9: Water temperature, Pot # 2 | V9: ºC | X9: T2ci | AB9: T2cf | AF9: T2hi | AJ9: T2hf | AM9: T2si | AQ9: T2sf
B10: Stove type/model | D10: ='General Information'!C10 -> 0 | U10: Water temperature, Pot # 3 | V10: ºC | X10: T3ci | AB10: T3cf | AF10: T3hi | AJ10: T3hf | AM10: T3si | AQ10: T3sf
B11: Type of fuel | D11: ='General Information'!J3 -> 0 | U11: Water temperature, Pot # 4 | V11: ºC | X11: T4ci | AB11: T4cf | AF11: T4hi | AJ11: T4hf | AM11: T4si | AQ11: T4sf
U12: Weight of Pot # 1 with water | V12: g | X12: P1ci | AB12: P1cf | AF12: P1hi | AJ12: P1hf | AM12: P1si | AQ12: P1sf
B13: Initial Test Conditions | U13: Weight of Pot # 2 with water | V13: g | X13: P2ci | AB13: P2cf | AF13: P2hi | AJ13: P2hf | AM13: P2si | AQ13: P2sf
B14: Data | E14: value | G14: units | I14: label | K14: Data | N14: value | P14: units | R14: label | U14: Weight of Pot # 3 with water | V14: g | X14: P3ci | AB14: P3cf | AF14: P3hi | AJ14: P3hf | AM14: P3si | AQ14: P3sf
B15: Air temperature | G15: ºC | K15: Dry weight of Pot # 1 (grams) | P15: g | R15: P1 | U15: Weight of Pot # 4 with water | V15: g | X15: P4ci | AB15: P4cf | AF15: P4hi | AJ15: P4hf | AM15: P4si | AQ15: P4sf
B16: Wind conditions | E16: 1 | K16: Dry weight of Pot # 2 (grams) | P16: g | R16: P2 | U16: Fire-starting materials (if any) | V16: --
B17: Fuel dimensions | K17: Dry weight of Pot # 3 (grams) | P17: g | R17: P3 | U17: Weight of charcoal+container | V17: g | AB17: cc | AI17: =AA17 -> 0 | AJ17: ch | AQ17: cs
B18: Fuel moisture content (wet basis) | G18: % | I18: MC | K18: Dry weight of Pot # 4 (grams) | P18: g | R18: P4 | U18: Average CO2 | V18: ppm | AB18: CO2c | AJ18: CO2h | AQ18: CO2s
B19: Gross calorific value (dry fuel) | E19: ='General Information'!L21 -> 0 | G19: kJ/kg | I19: HHV | K19: Weight of container for char (grams) | P19: g | R19: k | U19: Average CO | V19: ppm | Z19: 10 | AB19: COc | AJ19: COh | AQ19: COs
B20: Net calorific value (dry fuel) | E20: ='General Information'!L22 -> 0 | G20: kJ/kg | I20: LHV | K20: Local boiling point | N20: ='General Information'!C20 -> 0 | P20: ºC | R20: Tb | U20: Average PM | V20: ug/m3 | AB20: PMc | AJ20: PMh | AQ20: PMs
B21: Effective calorific value | K21: Background concentrations: CO2 | P21: ppm | R21: CO2,b | U21: Average Duct Temperature | V21: ºC | AB21: Tcd | AJ21: Thd | AQ21: Tsd
B22: (accounting for fuel moisture) | E22: =E20*(1-E18)-(E18*((N20-E15)*4.2+2260)) -> 0 | G22: kJ/kg | I22: EHV | M22: CO | P22: ppm | R22: CO,b | U22: Total CO2 (if available) | V22: g | AB22: mCO2,c | AJ22: mCO2,h | AQ22: mCO2,s
B23: Char calorific value | E23: ='General Information'!L11 -> 0 | G23: kJ/kg | M23: PM | P23: ug/m3 | R23: PM,b | U23: Total CO (if available) | V23: g | Z23: 10 | AB23: mCO,c | AJ23: mCO,h | AQ23: mCO,s
U24: Total PM (if available) | V24: g | AB24: mPM,c | AJ24: mPM,h | AQ24: mPM,s
B25: Notes about this test:
W26: COLD START | AA26: HOT START | AE26: SIMMER TEST (CALCULATIONS DIFFER FROM HIGH POWER TEST)
U27: Calculations/Results | V27: Units | W27: data | X27: label | AA27: data | AB27: label | AE27: Calculations/Results | AM27: Units | AP27: data | AQ27: label
U28: Fuel consumed (moist) | V28: g | W28: =W7-AA7 -> 0 | X28: fcm | AA28: =AE7-AI7 -> 0 | AB28: fhm | AE28: Fuel consumed during the simmer phase (moist) | AM28: g | AP28: =AL7-AP7 -> 0 | AQ28: fsm
U29: Net change in char during test | V29: g | W29: =AA17-$N$19 -> 0 | X29: Δcc | AA29: =IF(AA28=0,0,AI17-$N$19) -> 0 | AB29: Δch | AE29: Net change in char during test phase | AM29: g | AP29: =(AP17-$N$19)-W29 -> 0 | AQ29: Δcs
U30: Equivalent dry fuel consumed | V30: g | W30: =(W28*($E$20*(1-$E$18)-$E$18*(4.186*($N$20-$E$15)+2257))-W29*$E23)/$E$20 -> #DIV/0! | X30: fcd | AA30: =IF(AA28=0,0,(AA28*($E$20*(1-$E$18)-$E$18*(4.186*($N$20-$E$15)+2257))-AA29*$E23)/$E$20) -> 0 | AB30: fhd | AE30: Equivalent dry fuel consumed | AM30: g | AP30: =(AP28*($E$20*(1-$E$18)-$E$18*(4.186*($N$20-$E$15)+2257))-AP29*$E23)/$E$20 -> #DIV/0! | AQ30: fsd
U31: Water vaporized from all pots | V31: g | W31: =SUM(W12:W15)-SUM(AA12:AA15) -> 0 | X31: wcv | AA31: =SUM(AE12:AE15)-SUM(AI12:AI15) -> 0 | AB31: whv | AE31: Water vaporized | AM31: g | AP31: =(AL12-AP12)+(AL13-AP13)+(AL14-AP14)+(AL15-AP15) -> 0 | AQ31: wsv
U32: Effective mass of water boiled | V32: g | W32: =((AA12-$N15)*(AA8-W8)/($N$20-W8)+(AA13-$N16)*(AA9-W9)/($N$20-W9)+(AA14-$N17)*(AA10-W10)/($N$20-W10)+(AA15-$N18)*(AA11-W11)/($N$20-W11)) -> #DIV/0! | X32: wcr | AA32: =((AI12-$N15)*(AI8-AE8)/($N$20-AE8)+(AI13-$N16)*(AI9-AE9)/($N$20-AE9)+(AI14-$N17)*(AI10-AE10)/($N$20-AE10)+(AI15-$N18)*(AI11-AE11)/($N$20-AE11)) -> #DIV/0! | AB32: whr | AE32: Water remaining at end - All Pots | AM32: g | AP32: =(AP12-$N$15+((AP9-25)/(N20-25))*(AP13-N16)+((AP10-25)/(N20-25))*(AP14-N17)+((AP11-25)/(N20-25))*(AP15-N18)) -> 0 | AQ32: wsr
U33: Time to boil Pot # 1 | V33: min | W33: =(AA6-W6)*1440 -> 0 | X33: Δtc | AA33: =(AI6-AE6)*1440 -> 0 | AB33: Δth | AE33: Time of simmer (should be ~45 minutes) | AM33: min | AP33: =(AP6-AL6)*1440 -> 0 | AQ33: Δts
U34: Temp-corr time to boil Pot # 1 | V34: min | W34: =W33*75/(N20-W8) -> #DIV/0! | X34: ΔtTc | AA34: =AA33*75/(N20-AE8) -> #DIV/0! | AB34: ΔtTh | AE34: Thermal efficiency | AM34: % | AP34: =(4.186*((AL12-$N15+AP32)/2)*(AP8-AL8)+2260*AP31)/(AP30*$E$20) -> #DIV/0! | AQ34: hs
U35: Thermal efficiency | V35: % | W35: =(4.186*SUM((W12-$N15)*(AA8-W8),(W13-$N16)*(AA9-W9),(W14-$N17)*(AA10-W10),(W15-$N18)*(AA11-W11))+2260*W31)/(W30*$E20) -> #DIV/0! | X35: hc | AA35: =(4.186*SUM((AE12-$N15)*(AI8-AE8),(AE13-$N16)*(AI9-AE9),(AE14-$N17)*(AI10-AE10),(AE15-$N18)*(AI11-AE11))+2260*AA31)/(AA30*$E20) -> #DIV/0! | AB35: hh | AE35: Burning rate | AM35: g/min | AP35: =AP30/AP33 -> #DIV/0! | AQ35: rsb
B36: BASIC TEST DATA | U36: Burning rate | V36: g/min | W36: =W30/W33 -> #DIV/0! | X36: rcb | AA36: =AA30/AA33 -> #DIV/0! | AB36: rhb | AE36: Specific fuel consumption | AM36: g/liter remaining | AP36: =AP30/AP32*1000 -> #DIV/0! | AQ36: SCs
U37: Specific fuel consumption | V37: g/liter boiled | W37: =1000*W30/W32 -> #DIV/0! | X37: SCc | AA37: =1000*AA30/AA32 -> #DIV/0! | AB37: SCh | AE37: Firepower | AM37: watts | AP37: =AP30*$E$20/(AP33*60) -> #DIV/0! | AQ37: FPs
B38: ="TEST #4 "&D7 -> TEST #4 | U38: Temp-corr sp consumption | V38: g/liter | W38: =W37*75/($N$20-W8) -> #DIV/0! | X38: SCTc | AA38: =AA37*75/($N$20-AE8) -> #DIV/0! | AB38: SCTh | AE38: Turn down ratio | AM38: -- | AP38: =W40/AP37 -> #DIV/0! | AQ38: TDR
B39: Notes on the High Power - Cold Start Test. Add description only if it differs from "General Information" sheet | U39: Temp-corr sp energy consumpt. | V39: kJ/liter | W39: =(W38/1000)*E20 -> #DIV/0! | X39: SETC | AA39: =(AA38/1000)*E20 -> #DIV/0! | AB39: SETH | AE39: Specific Energy Consumption | AM39: kJ/liter | AP39: =(AP36/1000)*E20 -> #DIV/0! | AQ39: SES
U40: Firepower | V40: watts | W40: =W30*$E$20/(W33*60) -> #DIV/0! | X40: FPc | AA40: =AA30*$E$20/(AA33*60) -> #DIV/0! | AB40: FPh | AE40: Fuel Benchmark to Complete 5L WBT | AM40: g | AP40: =IF(ISERROR(AA38),5*(W38+AP36),5*(AVERAGE(W38,AA38)+AP36)) -> #DIV/0! | AQ40: BF
AE41: Energy Benchmark to Complete 5L WBT | AM41: kJ | AP41: =(AP40/1000)*E20 -> #DIV/0! | AQ41: BE
U42: Emissions Calculation Method: | W42: 1
U43: IWA PERFORMANCE METRICS | AE43: Data | AF43: Tier
U44: High Power Thermal Efficiency | AB44: % | AE44: =IF(AA33=0,W35,(W35+AA35)/2) -> #DIV/0! | AF44: =IF(AE44=0,"-",IF(AE44<Lists!E15,"0",IF(AE44<Lists!I15,1,IF(AE44<Lists!K15,2,IF(AE44<Lists!M15,3,4))))) -> #DIV/0!
U45: Low Power Specific Fuel Consumption | AB45: MJ/(min∙L) | AE45: =AP30*'General Information'!L22/(AP32*AP33*1000) -> #DIV/0! | AF45: =IF(AE45>Lists!E16,"0",IF(AE45>Lists!I16,1,IF(AE45>Lists!K16,2,IF(AE45>Lists!M16,3,4)))) -> #DIV/0!
U46: High Power CO | AB46: g/MJ | AE46: =IF(W42=3,IF(AA33=0,1000000/'General Information'!L22*AA23/(W35*W30),1000000/'General Information'!L22*(AA23/(W35*W30)+AI23/(AA35*AA30))/2),IF(W42=1,IF(AA33=0,1000000/'General Information'!L22*W70/(W35*W30),1000000/'General Information'!L22*(W70/(W35*W30)+AA70/(AA35*AA30))/2),IF(AA33=0,1000000/'General Information'!L22*W74/(W35*W30),1000000/'General Information'!L22*(W74/(W35*W30)+AA74/(AA35*AA30))/2))) -> #DIV/0! | AF46: =IF(AE46>Lists!E17,"0",IF(AE46>Lists!I17,1,IF(AE46>Lists!K17,2,IF(AE46>Lists!M17,3,4)))) -> #DIV/0!
U47: Low Power CO | AB47: g/(min∙L) | AE47: =IF(W42=3,AP23/(AP33*AP32)*1000,IF(W42=1,AE70/(AP33*AP32)*1000,AE74/(AP33*AP32)*1000)) -> #DIV/0! | AF47: =IF(AE47>Lists!E18,"0",IF(AE47>Lists!I18,1,IF(AE47>Lists!K18,2,IF(AE47>Lists!M18,3,4)))) -> #DIV/0!
U48: High Power PM | AB48: mg/MJ | AE48: =IF(W42=3,IF(AA33=0,10^9/'General Information'!L22*AA24/(W35*W30),10^9/'General Information'!L22*(AA24/(W35*W30)+AI24/(AA35*AA30))/2),IF(W42=1,IF(AA33=0,10^9/'General Information'!L22*W71/(W35*W30),10^9/'General Information'!L22*(W71/(W35*W30)+AA71/(AA35*AA30))/2),IF(AA33=0,10^9/'General Information'!L22*W75/(W35*W30),10^9/'General Information'!L22*(W75/(W35*W30)+AA75/(AA35*AA30))/2))) -> #DIV/0! | AF48: =IF(AE48>Lists!E19,"0",IF(AE48>Lists!I19,1,IF(AE48>Lists!K19,2,IF(AE48>Lists!M19,3,4)))) -> #DIV/0!
U49: Low Power PM | AB49: mg/(min∙L) | AE49: =IF(W42=3,AP24/(AP33*AP32)*1000000,IF(W42=1,AE71/(AP33*AP32)*1000000,AE75/(AP33*AP32)*1000000)) -> #DIV/0! | AF49: =IF(AE49>Lists!E20,"0",IF(AE49>Lists!I20,1,IF(AE49>Lists!K20,2,IF(AE49>Lists!M20,3,4)))) -> #DIV/0!
B50: Notes on the High Power - Hot Start Test | U50: Indoor CO Emissions | AB50: g/min | AE50: =IF(W42=3,IF(IF(AA33=0,AA23/W33,(AA23/W33+AI23/AA33)/2)<(AP23/AP33),AP23/AP33,IF(AA33=0,AA23/W33,(AA23/W33+AI23/AA33)/2)),IF(W42=1,IF(IF(AA33=0,W70/W33,(W70/W33+AA70/AA33)/2)<(AE70/AP33),AE70/AP33,IF(AA33=0,W70/W33,(W70/W33+AA70/AA33)/2)),IF(IF(AA33=0,W74/W33,(W74/W33+AA74/AA33)/2)<(AE74/AP33),AE74/AP33,IF(AA33=0,W74/W33,(W74/W33+AA74/AA33)/2)))) -> #DIV/0! | AF50: =IF(AE50>Lists!E21,"0",IF(AE50>Lists!I21,1,IF(AE50>Lists!K21,2,IF(AE50>Lists!M21,3,4)))) -> #DIV/0!
U51: Indoor PM Emissions | AB51: mg/min | AE51: =IF(W42=3,IF(IF(AA33=0,AA24/W33,(AA24/W33+AI24/AA33)/2)<(AP24/AP33),AP24/AP33*1000,IF(AA33=0,AA24/W33,(AA24/W33+AI24/AA33)/2)*1000),IF(W42=1,IF(IF(AA33=0,W71/W33,(W71/W33+AA71/AA33)/2)<(AE71/AP33),AE71/AP33*1000,IF(AA33=0,W71/W33,(W71/W33+AA71/AA33)/2)*1000),IF(IF(AA33=0,W75/W33,(W75/W33+AA75/AA33)/2)<(AE75/AP33),AE75/AP33*1000,IF(AA33=0,W75/W33,(W75/W33+AA75/AA33)/2)*1000))) -> #DIV/0! | AF51: =IF(AE51>Lists!E22,"0",IF(AE51>Lists!I22,1,IF(AE51>Lists!K22,2,IF(AE51>Lists!M22,3,4)))) -> #DIV/0!
U52: ="TEST #4 "&D7 -> TEST #4 | V52: Emission Report
W53: COLD START | AA53: HOT START | AE53: SIMMER TEST
U54: Calculations/Results | V54: Units | W54: data | X54: label | AA54: data | AB54: label | AE54: data | AF54: label
U55: Total exhaust flow | V55: m3 | W55: ='General Information'!$C$24*W33/60 -> 0 | X55: Vc | AA55: ='General Information'!$C$24*AA33/60 -> 0 | AB55: Vh | AE55: ='General Information'!$C$24*AP33/60 -> 0 | AF55: Vs
U56: Exhaust carbon concentration | V56: ppm | W56: =((AA18-$N21)+(AA19-$N22)+(AA20-$N23)/15/('General Information'!$C$22/0.008314/(AA21+273.15))) -> #DIV/0! | X56: CCc | AA56: =((AI18-$N21)+(AI19-$N22)+(AI20-$N23)/15/('General Information'!$C$22/0.008314/(AI21+273.15))) -> #DIV/0! | AB56: CCh | AE56: =((AP18-$N21)+(AP19-$N22)+(AP20-$N23)/15/('General Information'!$C$22/0.008314/(AP21+273.15))) -> #DIV/0! | AF56: CCs
U57: Total carbon in exhaust | V57: g/m3 | W57: ='General Information'!$C$22/0.008314/(AA21+273.15)*W56*0.000001*12 -> #DIV/0! | X57: Cc | AA57: ='General Information'!$C$22/0.008314/(AI21+273.15)*AA56*0.000001*12 -> #DIV/0! | AB57: Ch | AE57: ='General Information'!$C$22/0.008314/(AP21+273.15)*AE56*0.000001*12 -> #DIV/0! | AF57: Cs
U58: Fuel consumed est. (dry) | V58: g | W58: =W57*W55/fuelFracC -> #DIV/0! | X58: fce | AA58: =AA57*AA55/fuelFracC -> #DIV/0! | AB58: fhe | AE58: =AE57*AE55/fuelFracC -> #DIV/0! | AF58: fse
U59: Hood carbon balance | V59: % | W59: =W58/((1-$E$18)*(W28)-W29*charFracC/'General Information'!L23) -> #DIV/0! | X59: CBc | AA59: =AA58/((1-$E$18)*(AA28)-AA29*charFracC/'General Information'!L23) -> #DIV/0! | AB59: CBh | AE59: =AE58/((1-$E$18)*(AP28)-AP29*charFracC/'General Information'!L23) -> #DIV/0! | AF59: CBs
U60: Emission per water boiled
B61: Notes on the Low Power - Simmer Test | U61: CO2 | V61: g/liter | W61: =IF($W$42=3,AA22/W$32*1000,IF($W$42=1,W69/W$32*1000,W73/W$32*1000)) -> #DIV/0! | X61: ECO2,c | AA61: =IF($W$42=3,AI22/AA$32*1000,IF($W$42=1,AA69/AA$32*1000,AA73/AA$32*1000)) -> #DIV/0! | AB61: ECO2,h | AE61: =IF($W$42=3,AP22/AP$32*1000,IF($W$42=1,AE69/AP$32*1000,AE73/AP$32*1000)) -> #DIV/0! | AF61: ECO2,s
U62: CO | V62: g/liter | W62: =IF($W$42=3,AA23/W$32*1000,IF($W$42=1,W70/W$32*1000,W74/W$32*1000)) -> #DIV/0! | X62: ECO,c | AA62: =IF($W$42=3,AI23/AA$32*1000,IF($W$42=1,AA70/AA$32*1000,AA74/AA$32*1000)) -> #DIV/0! | AB62: ECO,h | AE62: =IF($W$42=3,AP23/AP$32*1000,IF($W$42=1,AE70/AP$32*1000,AE74/AP$32*1000)) -> #DIV/0! | AF62: ECO,s
U63: PM | V63: g/liter | W63: =IF($W$42=3,AA24/W$32*1000,IF($W$42=1,W71/W$32*1000,W75/W$32*1000)) -> #DIV/0! | X63: EPM,c | AA63: =IF($W$42=3,AI24/AA$32*1000,IF($W$42=1,AA71/AA$32*1000,AA75/AA$32*1000)) -> #DIV/0! | AB63: EPM,h | AE63: =IF($W$42=3,AP24/AP$32*1000,IF($W$42=1,AE71/AP$32*1000,AE75/AP$32*1000)) -> #DIV/0! | AF63: EPM,s
U64: Mass emission factors
U65: CO2 | V65: g/kgf | W65: =IF(W42=2,W73/(W28*(1-E18)-W29*charFracC/fuelFracC),IF(W56>0,((AA18-$N21)*44/12)/(W$56/fuelFracC)*1000,0)) -> #DIV/0! | X65: EFCO2,c | AA65: =IF(W42=2,AA73/(AA28*(1-E18)-AA29*charFracC/fuelFracC),IF(AA56>0,((AI18-$N21)*44/12)/(AA$56/fuelFracC)*1000,0)) -> #DIV/0! | AB65: EFCO2,h | AE65: =IF(W42=2,AE73/(AP28*(1-E18)-AP29*charFracC/fuelFracC),IF(AE56>0,((AP18-$N21)*44/12)/(AE$56/fuelFracC)*1000,0)) -> #DIV/0! | AF65: EFCO2,s
U66: CO | V66: g/kgf | W66: =IF(W42=2,W74/(W28*(1-E18)-W29*charFracC/fuelFracC),IF(W56>0,((AA19-$N22)*28/12)/(W$56/fuelFracC)*1000,0)) -> #DIV/0! | X66: EFCO,c | AA66: =IF(W42=2,AA74/(AA28*(1-E18)-AA29*charFracC/fuelFracC),IF(AA56>0,((AI19-$N22)*28/12)/(AA$56/fuelFracC)*1000,0)) -> #DIV/0! | AB66: EFCO,h | AE66: =IF(W42=2,AE74/(AP28*(1-E18)-AP29*charFracC/fuelFracC),IF(AE56>0,((AP19-$N22)*28/12)/(AE$56/fuelFracC)*1000,0)) -> #DIV/0! | AF66: EFCO,s
U67: PM | V67: g/kgf | W67: =IF(W42=2,W75/(W28*(1-E18)-W29*charFracC/fuelFracC),IF(W57>0,(AA20-$N23)/(W$57/fuelFracC)*1000/1000000,0)) -> #DIV/0! | X67: EFPM,c | AA67: =IF(W42=2,AA75/(AA28*(1-E18)-AA29*charFracC/fuelFracC),IF(AA57>0,(AI20-$N23)/(AA$57/fuelFracC)*1000/1000000,0)) -> #DIV/0! | AB67: EFPM,h | AE67: =IF(W42=2,AE75/(AP28*(1-E18)-AP29*charFracC/fuelFracC),IF(AE57>0,(AP20-$N23)/(AE$57/fuelFracC)*1000/1000000,0)) -> #DIV/0! | AF67: EFPM,s
U68: Total Emissions (carbon balance)
U69: CO2 | V69: g | W69: =W65*(W28*(1-$E$18)-W29*charFracC/fuelFracC)/1000 -> #DIV/0! | X69: mCO2,c | AA69: =AA65*(AA28*(1-$E$18)-AA29*charFracC/fuelFracC)/1000 -> #DIV/0! | AB69: mCO2,h | AE69: =AE65*(AP28*(1-$E$18)-AP29*charFracC/fuelFracC)/1000 -> #DIV/0! | AF69: mCO2,s
U70: CO | V70: g | W70: =W66*(W28*(1-$E$18)-W29*charFracC/fuelFracC)/1000 -> #DIV/0! | X70: mCO,c | AA70: =AA66*(AA28*(1-$E$18)-AA29*charFracC/fuelFracC)/1000 -> #DIV/0! | AB70: mCO,h | AE70: =AE66*(AP28*(1-$E$18)-AP29*charFracC/fuelFracC)/1000 -> #DIV/0! | AF70: mCO,s
U71: PM | V71: g | W71: =W67*(W28*(1-$E$18)-W29*charFracC/fuelFracC)/1000 -> #DIV/0! | X71: mPM,c | AA71: =AA67*(AA28*(1-$E$18)-AA29*charFracC/fuelFracC)/1000 -> #DIV/0! | AB71: mPM,h | AE71: =AE67*(AP28*(1-$E$18)-AP29*charFracC/fuelFracC)/1000 -> #DIV/0! | AF71: mPM,s
U72: Total Emissions (total capture)
U73: CO2 | V73: g | W73: =W55*(AA18-N21)*(44*'General Information'!C22)/(0.008314*(AA21+273.15))/1000000 -> 0 | X73: mCO2,c | AA73: =AA55*(AI18-N21)*(44*'General Information'!C22)/(0.008314*(AI21+273.15))/1000000 -> 0 | AB73: mCO2,h | AE73: =AE55*(AP18-N21)*(44*'General Information'!C22)/(0.008314*(AP21+273.15))/1000000 -> 0 | AF73: mCO2,s
U74: CO | V74: g | W74: =W55*(AA19-N22)*(28*'General Information'!C22)/(0.008314*(AA21+273.15))/1000000 -> 0 | X74: mCO,c | AA74: =AA55*(AI19-N22)*(28*'General Information'!C22)/(0.008314*(AI21+273.15))/1000000 -> 0 | AB74: mCO,h | AE74: =AE55*(AP19-N22)*(28*'General Information'!C22)/(0.008314*(AP21+273.15))/1000000 -> 0 | AF74: mCO,s
U75: PM | V75: g | W75: =W55*(AA20-N23)/1000000 -> 0 | X75: mPM,c | AA75: =AA55*(AI20-N23)/1000000 -> 0 | AB75: mPM,h | AE75: =AE55*(AP20-N23)/1000000 -> 0 | AF75: mPM,s
U76: Emission benchmarks:
U77: CO to Complete 5L WBT | V77: g | W77: =(IF(ISERROR(AA$38),W62,AVERAGE(W62,AA62))+AE62)*5 -> #DIV/0! | X77: BCO
U78: PM to Complete 5L WBT | V78: g | W78: =(IF(ISERROR(AA$38),W63,AVERAGE(W63,AA63))+AE63)*5 -> #DIV/0! | X78: BPM

Sheet Test-5
A2: ="WATER BOILING TEST - VERSION "&version&" - TEST #5" -> WATER BOILING TEST - VERSION 4.2.3 - TEST #5 | U2: ="TEST #5 "&D7 -> TEST #5 | W2: COLD START HIGH POWER | AE2: HOT START HIGH POWER (OPTIONAL) | AL2: SIMMER TEST
B3: DATA AND CALCULATION FORM (for one to four pots)* | W3: Start | AA3: Finish: when | AE3: Start | AI3: Finish: when | AL3: Start | AP3: Finish: 45 min
B4: Shaded cells and arrows require user input; unshaded cells automatically display outputs | AA4: Pot #1 boils | AI4: Pot #1 boils
B5: Qualitative data | U5: Measurements | V5: Units | W5: data | X5: label | AA5: data | AB5: label | AE5: data | AF5: label | AI5: data | AJ5: label | AL5: data | AM5: label | AP5: data | AQ5: label
B6: Name(s) of Tester(s) | M6: gray: efficiency | U6: Time (in 24 hour form) | V6: hr:min | X6: tci | AB6: tcf | AF6: thi | AJ6: thf | AM6: tsi | AQ6: tsf
B7: Test Number | M7: blue: emissions | U7: Weight of fuel | V7: g | X7: fci | AB7: fcf | AF7: fhi | AJ7: fhf | AM7: fsi | AQ7: fsf
B8: Date | M8: pink: error, missing input | U8: Water temperature, Pot # 1 | V8: ºC | X8: T1ci | AB8: T1cf | AF8: T1hi | AJ8: T1hf | AM8: T1si | AQ8: T1sf
B9: Location | D9: ='General Information'!C7 -> 0 | U9: Water temperature, Pot # 2 | V9: ºC | X9: T2ci | AB9: T2cf | AF9: T2hi | AJ9: T2hf | AM9: T2si | AQ9: T2sf
B10: Stove type/model | D10: ='General Information'!C10 -> 0 | U10: Water temperature, Pot # 3 | V10: ºC | X10: T3ci | AB10: T3cf | AF10: T3hi | AJ10: T3hf | AM10: T3si | AQ10: T3sf
B11: Type of fuel | D11: ='General Information'!J3 -> 0 | U11: Water temperature, Pot # 4 | V11: ºC | X11: T4ci | AB11: T4cf | AF11: T4hi | AJ11: T4hf | AM11: T4si | AQ11: T4sf
U12: Weight of Pot # 1 with water | V12: g | X12: P1ci | AB12: P1cf | AF12: P1hi | AJ12: P1hf | AM12: P1si | AQ12: P1sf
B13: Initial Test Conditions | U13: Weight of Pot # 2 with water | V13: g | X13: P2ci | AB13: P2cf | AF13: P2hi | AJ13: P2hf | AM13: P2si | AQ13: P2sf
B14: Data | E14: value | G14: units | I14: label | K14: Data | N14: value | P14: units | R14: label | U14: Weight of Pot # 3 with water | V14: g | X14: P3ci | AB14: P3cf | AF14: P3hi | AJ14: P3hf | AM14: P3si | AQ14: P3sf
B15: Air temperature | G15: ºC | K15: Dry weight of Pot # 1 (grams) | P15: g | R15: P1 | U15: Weight of Pot # 4 with water | V15: g | X15: P4ci | AB15: P4cf | AF15: P4hi | AJ15: P4hf | AM15: P4si | AQ15: P4sf
B16: Wind conditions | E16: 1 | K16: Dry weight of Pot # 2 (grams) | P16: g | R16: P2 | U16: Fire-starting materials (if any) | V16: --
B17: Fuel dimensions | K17: Dry weight of Pot # 3 (grams) | P17: g | R17: P3 | U17: Weight of charcoal+container | V17: g | AB17: cc | AI17: =AA17 -> 0 | AJ17: ch | AQ17: cs
B18: Fuel moisture content (wet basis) | G18: % | I18: MC | K18: Dry weight of Pot # 4 (grams) | P18: g | R18: P4 | U18: Average CO2 | V18: ppm | AB18: CO2c | AJ18: CO2h | AQ18: CO2s
B19: Gross calorific value (dry fuel) | E19: ='General Information'!L21 -> 0 | G19: kJ/kg | I19: HHV | K19: Weight of container for char (grams) | P19: g | R19: k | U19: Average CO | V19: ppm | Z19: 10 | AB19: COc | AJ19: COh | AQ19: COs
B20: Net calorific value (dry fuel) | E20: ='General Information'!L22 -> 0 | G20: kJ/kg | I20: LHV | K20: Local boiling point | N20: ='General Information'!C20 -> 0 | P20: ºC | R20: Tb | U20: Average PM | V20: ug/m3 | AB20: PMc | AJ20: PMh | AQ20: PMs
B21: Effective calorific value | K21: Background concentrations: CO2 | P21: ppm | R21: CO2,b | U21: Average Duct Temperature | V21: ºC | AB21: Tcd | AJ21: Thd | AQ21: Tsd
B22: (accounting for fuel moisture) | E22: =E20*(1-E18)-(E18*((N20-E15)*4.2+2260)) -> 0 | G22: kJ/kg | I22: EHV | M22: CO | P22: ppm | R22: CO,b | U22: Total CO2 (if available) | V22: g | AB22: mCO2,c | AJ22: mCO2,h | AQ22: mCO2,s
B23: Char calorific value | E23: ='General Information'!L11 -> 0 | G23: kJ/kg | M23: PM | P23: ug/m3 | R23: PM,b | U23: Total CO (if available) | V23: g | Z23: 10 | AB23: mCO,c | AJ23: mCO,h | AQ23: mCO,s
U24: Total PM (if available) | V24: g | AB24: mPM,c | AJ24: mPM,h | AQ24: mPM,s
B25: Notes about this test:
W26: COLD START | AA26: HOT START | AE26: SIMMER TEST (CALCULATIONS DIFFER FROM HIGH POWER TEST)
U27: Calculations/Results | V27: Units | W27: data | X27: label | AA27: data | AB27: label | AE27: Calculations/Results | AM27: Units | AP27: data | AQ27: label
U28: Fuel consumed (moist) | V28: g | W28: =W7-AA7 -> 0 | X28: fcm | AA28: =AE7-AI7 -> 0 | AB28: fhm | AE28: Fuel consumed during the simmer phase (moist) | AM28: g | AP28: =AL7-AP7 -> 0 | AQ28: fsm
U29: Net change in char during test | V29: g | W29: =AA17-$N$19 -> 0 | X29: Δcc | AA29: =IF(AA28=0,0,AI17-$N$19) -> 0 | AB29: Δch | AE29: Net change in char during test phase | AM29: g | AP29: =(AP17-$N$19)-W29 -> 0 | AQ29: Δcs
U30: Equivalent dry fuel consumed | V30: g | W30: =(W28*($E$20*(1-$E$18)-$E$18*(4.186*($N$20-$E$15)+2257))-W29*$E23)/$E$20 -> #DIV/0! | X30: fcd | AA30: =IF(AA28=0,0,(AA28*($E$20*(1-$E$18)-$E$18*(4.186*($N$20-$E$15)+2257))-AA29*$E23)/$E$20) -> 0 | AB30: fhd | AE30: Equivalent dry fuel consumed | AM30: g | AP30: =(AP28*($E$20*(1-$E$18)-$E$18*(4.186*($N$20-$E$15)+2257))-AP29*$E23)/$E$20 -> #DIV/0! | AQ30: fsd
U31: Water vaporized from all pots | V31: g | W31: =SUM(W12:W15)-SUM(AA12:AA15) -> 0 | X31: wcv | AA31: =SUM(AE12:AE15)-SUM(AI12:AI15) -> 0 | AB31: whv | AE31: Water vaporized | AM31: g | AP31: =(AL12-AP12)+(AL13-AP13)+(AL14-AP14)+(AL15-AP15) -> 0 | AQ31: wsv
U32: Effective mass of water boiled | V32: g | W32: =((AA12-$N15)*(AA8-W8)/($N$20-W8)+(AA13-$N16)*(AA9-W9)/($N$20-W9)+(AA14-$N17)*(AA10-W10)/($N$20-W10)+(AA15-$N18)*(AA11-W11)/($N$20-W11)) -> #DIV/0! | X32: wcr | AA32: =((AI12-$N15)*(AI8-AE8)/($N$20-AE8)+(AI13-$N16)*(AI9-AE9)/($N$20-AE9)+(AI14-$N17)*(AI10-AE10)/($N$20-AE10)+(AI15-$N18)*(AI11-AE11)/($N$20-AE11)) -> #DIV/0! | AB32: whr | AE32: Water remaining at end - All Pots | AM32: g | AP32: =(AP12-$N$15+((AP9-25)/(N20-25))*(AP13-N16)+((AP10-25)/(N20-25))*(AP14-N17)+((AP11-25)/(N20-25))*(AP15-N18)) -> 0 | AQ32: wsr
U33: Time to boil Pot # 1 | V33: min | W33: =(AA6-W6)*1440 -> 0 | X33: Δtc | AA33: =(AI6-AE6)*1440 -> 0 | AB33: Δth | AE33: Time of simmer (should be ~45 minutes) | AM33: min | AP33: =(AP6-AL6)*1440 -> 0 | AQ33: Δts
U34: Temp-corr time to boil Pot # 1 | V34: min | W34: =W33*75/(N20-W8) -> #DIV/0! | X34: ΔtTc | AA34: =AA33*75/(N20-AE8) -> #DIV/0! | AB34: ΔtTh | AE34: Thermal efficiency | AM34: % | AP34: =(4.186*((AL12-$N15+AP32)/2)*(AP8-AL8)+2260*AP31)/(AP30*$E$20) -> #DIV/0! | AQ34: hs
U35: Thermal efficiency | V35: % | W35: =(4.186*SUM((W12-$N15)*(AA8-W8),(W13-$N16)*(AA9-W9),(W14-$N17)*(AA10-W10),(W15-$N18)*(AA11-W11))+2260*W31)/(W30*$E20) -> #DIV/0! | X35: hc | AA35: =(4.186*SUM((AE12-$N15)*(AI8-AE8),(AE13-$N16)*(AI9-AE9),(AE14-$N17)*(AI10-AE10),(AE15-$N18)*(AI11-AE11))+2260*AA31)/(AA30*$E20) -> #DIV/0! | AB35: hh | AE35: Burning rate | AM35: g/min | AP35: =AP30/AP33 -> #DIV/0! | AQ35: rsb
B36: BASIC TEST DATA | U36: Burning rate | V36: g/min | W36: =W30/W33 -> #DIV/0! | X36: rcb | AA36: =AA30/AA33 -> #DIV/0! | AB36: rhb | AE36: Specific fuel consumption | AM36: g/liter remaining | AP36: =AP30/AP32*1000 -> #DIV/0! | AQ36: SCs
U37: Specific fuel consumption | V37: g/liter boiled | W37: =1000*W30/W32 -> #DIV/0! | X37: SCc | AA37: =1000*AA30/AA32 -> #DIV/0! | AB37: SCh | AE37: Firepower | AM37: watts | AP37: =AP30*$E$20/(AP33*60) -> #DIV/0! | AQ37: FPs
B38: ="TEST #5 "&D7 -> TEST #5 | U38: Temp-corr sp consumption | V38: g/liter | W38: =W37*75/($N$20-W8) -> #DIV/0! | X38: SCTc | AA38: =AA37*75/($N$20-AE8) -> #DIV/0! | AB38: SCTh | AE38: Turn down ratio | AM38: -- | AP38: =W40/AP37 -> #DIV/0! | AQ38: TDR
B39: Notes on the High Power - Cold Start Test. Add description only if it differs from "General Information" sheet | U39: Temp-corr sp energy consumpt. | V39: kJ/liter | W39: =(W38/1000)*E20 -> #DIV/0! | X39: SETC | AA39: =(AA38/1000)*E20 -> #DIV/0! | AB39: SETH | AE39: Specific Energy Consumption | AM39: kJ/liter | AP39: =(AP36/1000)*E20 -> #DIV/0! | AQ39: SES
U40: Firepower | V40: watts | W40: =W30*$E$20/(W33*60) -> #DIV/0! | X40: FPc | AA40: =AA30*$E$20/(AA33*60) -> #DIV/0! | AB40: FPh | AE40: Fuel Benchmark to Complete 5L WBT | AM40: g | AP40: =IF(ISERROR(AA38),5*(W38+AP36),5*(AVERAGE(W38,AA38)+AP36)) -> #DIV/0! | AQ40: BF
AE41: Energy Benchmark to Complete 5L WBT | AM41: kJ | AP41: =(AP40/1000)*E20 -> #DIV/0! | AQ41: BE
U42: Emissions Calculation Method: | W42: 1
U43: IWA PERFORMANCE METRICS | AE43: Data | AF43: Tier
U44: High Power Thermal Efficiency | AB44: % | AE44: =IF(AA33=0,W35,(W35+AA35)/2) -> #DIV/0! | AF44: =IF(AE44=0,"-",IF(AE44<Lists!E15,"0",IF(AE44<Lists!I15,1,IF(AE44<Lists!K15,2,IF(AE44<Lists!M15,3,4))))) -> #DIV/0!
U45: Low Power Specific Fuel Consumption | AB45: MJ/(min∙L) | AE45: =AP30*'General Information'!L22/(AP32*AP33*1000) -> #DIV/0! | AF45: =IF(AE45>Lists!E16,"0",IF(AE45>Lists!I16,1,IF(AE45>Lists!K16,2,IF(AE45>Lists!M16,3,4)))) -> #DIV/0!
U46: High Power CO | AB46: g/MJ | AE46: =IF(W42=3,IF(AA33=0,1000000/'General Information'!L22*AA23/(W35*W30),1000000/'General Information'!L22*(AA23/(W35*W30)+AI23/(AA35*AA30))/2),IF(W42=1,IF(AA33=0,1000000/'General Information'!L22*W70/(W35*W30),1000000/'General Information'!L22*(W70/(W35*W30)+AA70/(AA35*AA30))/2),IF(AA33=0,1000000/'General Information'!L22*W74/(W35*W30),1000000/'General Information'!L22*(W74/(W35*W30)+AA74/(AA35*AA30))/2))) -> #DIV/0! | AF46: =IF(AE46>Lists!E17,"0",IF(AE46>Lists!I17,1,IF(AE46>Lists!K17,2,IF(AE46>Lists!M17,3,4)))) -> #DIV/0!
U47: Low Power CO | AB47: g/(min∙L) | AE47: =IF(W42=3,AP23/(AP33*AP32)*1000,IF(W42=1,AE70/(AP33*AP32)*1000,AE74/(AP33*AP32)*1000)) -> #DIV/0! | AF47: =IF(AE47>Lists!E18,"0",IF(AE47>Lists!I18,1,IF(AE47>Lists!K18,2,IF(AE47>Lists!M18,3,4)))) -> #DIV/0!
U48: High Power PM | AB48: mg/MJ | AE48: =IF(W42=3,IF(AA33=0,10^9/'General Information'!L22*AA24/(W35*W30),10^9/'General Information'!L22*(AA24/(W35*W30)+AI24/(AA35*AA30))/2),IF(W42=1,IF(AA33=0,10^9/'General Information'!L22*W71/(W35*W30),10^9/'General Information'!L22*(W71/(W35*W30)+AA71/(AA35*AA30))/2),IF(AA33=0,10^9/'General Information'!L22*W75/(W35*W30),10^9/'General Information'!L22*(W75/(W35*W30)+AA75/(AA35*AA30))/2))) -> #DIV/0! | AF48: =IF(AE48>Lists!E19,"0",IF(AE48>Lists!I19,1,IF(AE48>Lists!K19,2,IF(AE48>Lists!M19,3,4)))) -> #DIV/0!
U49: Low Power PM | AB49: mg/(min∙L) | AE49: =IF(W42=3,AP24/(AP33*AP32)*1000000,IF(W42=1,AE71/(AP33*AP32)*1000000,AE75/(AP33*AP32)*1000000)) -> #DIV/0! | AF49: =IF(AE49>Lists!E20,"0",IF(AE49>Lists!I20,1,IF(AE49>Lists!K20,2,IF(AE49>Lists!M20,3,4)))) -> #DIV/0!
B50: Notes on the High Power - Hot Start Test | U50: Indoor CO Emissions | AB50: g/min | AE50: =IF(W42=3,IF(IF(AA33=0,AA23/W33,(AA23/W33+AI23/AA33)/2)<(AP23/AP33),AP23/AP33,IF(AA33=0,AA23/W33,(AA23/W33+AI23/AA33)/2)),IF(W42=1,IF(IF(AA33=0,W70/W33,(W70/W33+AA70/AA33)/2)<(AE70/AP33),AE70/AP33,IF(AA33=0,W70/W33,(W70/W33+AA70/AA33)/2)),IF(IF(AA33=0,W74/W33,(W74/W33+AA74/AA33)/2)<(AE74/AP33),AE74/AP33,IF(AA33=0,W74/W33,(W74/W33+AA74/AA33)/2)))) -> #DIV/0! | AF50: =IF(AE50>Lists!E21,"0",IF(AE50>Lists!I21,1,IF(AE50>Lists!K21,2,IF(AE50>Lists!M21,3,4)))) -> #DIV/0!
U51: Indoor PM Emissions | AB51: mg/min | AE51: =IF(W42=3,IF(IF(AA33=0,AA24/W33,(AA24/W33+AI24/AA33)/2)<(AP24/AP33),AP24/AP33*1000,IF(AA33=0,AA24/W33,(AA24/W33+AI24/AA33)/2)*1000),IF(W42=1,IF(IF(AA33=0,W71/W33,(W71/W33+AA71/AA33)/2)<(AE71/AP33),AE71/AP33*1000,IF(AA33=0,W71/W33,(W71/W33+AA71/AA33)/2)*1000),IF(IF(AA33=0,W75/W33,(W75/W33+AA75/AA33)/2)<(AE75/AP33),AE75/AP33*1000,IF(AA33=0,W75/W33,(W75/W33+AA75/AA33)/2)*1000))) -> #DIV/0! | AF51: =IF(AE51>Lists!E22,"0",IF(AE51>Lists!I22,1,IF(AE51>Lists!K22,2,IF(AE51>Lists!M22,3,4)))) -> #DIV/0!
U52: ="TEST #5 "&D7 -> TEST #5 | V52: Emission Report
W53: COLD START | AA53: HOT START | AE53: SIMMER TEST
U54: Calculations/Results | V54: Units | W54: data | X54: label | AA54: data | AB54: label | AE54: data | AF54: label
U55: Total exhaust flow | V55: m3 | W55: ='General Information'!$C$24*W33/60 -> 0 | X55: Vc | AA55: ='General Information'!$C$24*AA33/60 -> 0 | AB55: Vh | AE55: ='General Information'!$C$24*AP33/60 -> 0 | AF55: Vs
U56: Exhaust carbon concentration | V56: ppm | W56: =((AA18-$N21)+(AA19-$N22)+(AA20-$N23)/15/('General Information'!$C$22/0.008314/(AA21+273.15))) -> #DIV/0! | X56: CCc | AA56: =((AI18-$N21)+(AI19-$N22)+(AI20-$N23)/15/('General Information'!$C$22/0.008314/(AI21+273.15))) -> #DIV/0! | AB56: CCh | AE56: =((AP18-$N21)+(AP19-$N22)+(AP20-$N23)/15/('General Information'!$C$22/0.008314/(AP21+273.15))) -> #DIV/0! | AF56: CCs
U57: Total carbon in exhaust | V57: g/m3 | W57: ='General Information'!$C$22/0.008314/(AA21+273.15)*W56*0.000001*12 -> #DIV/0! | X57: Cc | AA57: ='General Information'!$C$22/0.008314/(AI21+273.15)*AA56*0.000001*12 -> #DIV/0! | AB57: Ch | AE57: ='General Information'!$C$22/0.008314/(AP21+273.15)*AE56*0.000001*12 -> #DIV/0! | AF57: Cs
U58: Fuel consumed est. (dry) | V58: g | W58: =W57*W55/fuelFracC -> #DIV/0! | X58: fce | AA58: =AA57*AA55/fuelFracC -> #DIV/0! | AB58: fhe | AE58: =AE57*AE55/fuelFracC -> #DIV/0! | AF58: fse
U59: Hood carbon balance | V59: % | W59: =W58/((1-$E$18)*(W28)-W29*charFracC/'General Information'!L23) -> #DIV/0! | X59: CBc | AA59: =AA58/((1-$E$18)*(AA28)-AA29*charFracC/'General Information'!L23) -> #DIV/0! | AB59: CBh | AE59: =AE58/((1-$E$18)*(AP28)-AP29*charFracC/'General Information'!L23) -> #DIV/0! | AF59: CBs
U60: Emission per water boiled
B61: Notes on the Low Power - Simmer Test | U61: CO2 | V61: g/liter | W61: =IF($W$42=3,AA22/W$32*1000,IF($W$42=1,W69/W$32*1000,W73/W$32*1000)) -> #DIV/0! | X61: ECO2,c | AA61: =IF($W$42=3,AI22/AA$32*1000,IF($W$42=1,AA69/AA$32*1000,AA73/AA$32*1000)) -> #DIV/0! | AB61: ECO2,h | AE61: =IF($W$42=3,AP22/AP$32*1000,IF($W$42=1,AE69/AP$32*1000,AE73/AP$32*1000)) -> #DIV/0! | AF61: ECO2,s
U62: CO | V62: g/liter | W62: =IF($W$42=3,AA23/W$32*1000,IF($W$42=1,W70/W$32*1000,W74/W$32*1000)) -> #DIV/0! | X62: ECO,c | AA62: =IF($W$42=3,AI23/AA$32*1000,IF($W$42=1,AA70/AA$32*1000,AA74/AA$32*1000)) -> #DIV/0! | AB62: ECO,h | AE62: =IF($W$42=3,AP23/AP$32*1000,IF($W$42=1,AE70/AP$32*1000,AE74/AP$32*1000)) -> #DIV/0! | AF62: ECO,s
U63: PM | V63: g/liter | W63: =IF($W$42=3,AA24/W$32*1000,IF($W$42=1,W71/W$32*1000,W75/W$32*1000)) -> #DIV/0! | X63: EPM,c | AA63: =IF($W$42=3,AI24/AA$32*1000,IF($W$42=1,AA71/AA$32*1000,AA75/AA$32*1000)) -> #DIV/0! | AB63: EPM,h | AE63: =IF($W$42=3,AP24/AP$32*1000,IF($W$42=1,AE71/AP$32*1000,AE75/AP$32*1000)) -> #DIV/0! | AF63: EPM,s
U64: Mass emission factors
U65: CO2 | V65: g/kgf | W65: =IF(W42=2,W73/(W28*(1-E18)-W29*charFracC/fuelFracC),IF(W56>0,((AA18-$N21)*44/12)/(W$56/fuelFracC)*1000,0)) -> #DIV/0! | X65: EFCO2,c | AA65: =IF(W42=2,AA73/(AA28*(1-E18)-AA29*charFracC/fuelFracC),IF(AA56>0,((AI18-$N21)*44/12)/(AA$56/fuelFracC)*1000,0)) -> #DIV/0! | AB65: EFCO2,h | AE65: =IF(W42=2,AE73/(AP28*(1-E18)-AP29*charFracC/fuelFracC),IF(AE56>0,((AP18-$N21)*44/12)/(AE$56/fuelFracC)*1000,0)) -> #DIV/0! | AF65: EFCO2,s
U66: CO | V66: g/kgf | W66: =IF(W42=2,W74/(W28*(1-E18)-W29*charFracC/fuelFracC),IF(W56>0,((AA19-$N22)*28/12)/(W$56/fuelFracC)*1000,0)) -> #DIV/0! | X66: EFCO,c | AA66: =IF(W42=2,AA74/(AA28*(1-E18)-AA29*charFracC/fuelFracC),IF(AA56>0,((AI19-$N22)*28/12)/(AA$56/fuelFracC)*1000,0)) -> #DIV/0! | AB66: EFCO,h | AE66: =IF(W42=2,AE74/(AP28*(1-E18)-AP29*charFracC/fuelFracC),IF(AE56>0,((AP19-$N22)*28/12)/(AE$56/fuelFracC)*1000,0)) -> #DIV/0! | AF66: EFCO,s
U67: PM | V67: g/kgf | W67: =IF(W42=2,W75/(W28*(1-E18)-W29*charFracC/fuelFracC),IF(W57>0,(AA20-$N23)/(W$57/fuelFracC)*1000/1000000,0)) -> #DIV/0! | X67: EFPM,c | AA67: =IF(W42=2,AA75/(AA28*(1-E18)-AA29*charFracC/fuelFracC),IF(AA57>0,(AI20-$N23)/(AA$57/fuelFracC)*1000/1000000,0)) -> #DIV/0! | AB67: EFPM,h | AE67: =IF(W42=2,AE75/(AP28*(1-E18)-AP29*charFracC/fuelFracC),IF(AE57>0,(AP20-$N23)/(AE$57/fuelFracC)*1000/1000000,0)) -> #DIV/0! | AF67: EFPM,s
U68: Total Emissions (carbon balance)
U69: CO2 | V69: g | W69: =W65*(W28*(1-$E$18)-W29*charFracC/fuelFracC)/1000 -> #DIV/0! | X69: mCO2,c | AA69: =AA65*(AA28*(1-$E$18)-AA29*charFracC/fuelFracC)/1000 -> #DIV/0! | AB69: mCO2,h | AE69: =AE65*(AP28*(1-$E$18)-AP29*charFracC/fuelFracC)/1000 -> #DIV/0! | AF69: mCO2,s
U70: CO | V70: g | W70: =W66*(W28*(1-$E$18)-W29*charFracC/fuelFracC)/1000 -> #DIV/0! | X70: mCO,c | AA70: =AA66*(AA28*(1-$E$18)-AA29*charFracC/fuelFracC)/1000 -> #DIV/0! | AB70: mCO,h | AE70: =AE66*(AP28*(1-$E$18)-AP29*charFracC/fuelFracC)/1000 -> #DIV/0! | AF70: mCO,s
U71: PM | V71: g | W71: =W67*(W28*(1-$E$18)-W29*charFracC/fuelFracC)/1000 -> #DIV/0! | X71: mPM,c | AA71: =AA67*(AA28*(1-$E$18)-AA29*charFracC/fuelFracC)/1000 -> #DIV/0! | AB71: mPM,h | AE71: =AE67*(AP28*(1-$E$18)-AP29*charFracC/fuelFracC)/1000 -> #DIV/0! | AF71: mPM,s
U72: Total Emissions (total capture)
U73: CO2 | V73: g | W73: =W55*(AA18-N21)*(44*'General Information'!C22)/(0.008314*(AA21+273.15))/1000000 -> 0 | X73: mCO2,c | AA73: =AA55*(AI18-N21)*(44*'General Information'!C22)/(0.008314*(AI21+273.15))/1000000 -> 0 | AB73: mCO2,h | AE73: =AE55*(AP18-N21)*(44*'General Information'!C22)/(0.008314*(AP21+273.15))/1000000 -> 0 | AF73: mCO2,s
U74: CO | V74: g | W74: =W55*(AA19-N22)*(28*'General Information'!C22)/(0.008314*(AA21+273.15))/1000000 -> 0 | X74: mCO,c | AA74: =AA55*(AI19-N22)*(28*'General Information'!C22)/(0.008314*(AI21+273.15))/1000000 -> 0 | AB74: mCO,h | AE74: =AE55*(AP19-N22)*(28*'General Information'!C22)/(0.008314*(AP21+273.15))/1000000 -> 0 | AF74: mCO,s
U75: PM | V75: g | W75: =W55*(AA20-N23)/1000000 -> 0 | X75: mPM,c | AA75: =AA55*(AI20-N23)/1000000 -> 0 | AB75: mPM,h | AE75: =AE55*(AP20-N23)/1000000 -> 0 | AF75: mPM,s
U76: Emission benchmarks:
U77: CO to Complete 5L WBT | V77: g | W77: =(IF(ISERROR(AA$38),W62,AVERAGE(W62,AA62))+AE62)*5 -> #DIV/0! | X77: BCO
U78: PM to Complete 5L WBT | V78: g | W78: =(IF(ISERROR(AA$38),W63,AVERAGE(W63,AA63))+AE63)*5 -> #DIV/0! | X78: BPM

Sheet Test-6
A2: ="WATER BOILING TEST - VERSION "&version&" - TEST #6" -> WATER BOILING TEST - VERSION 4.2.3 - TEST #6 | U2: ="TEST #6 "&D7 -> TEST #6 | W2: COLD START HIGH POWER | AE2: HOT START HIGH POWER (OPTIONAL) | AL2: SIMMER TEST
B3: DATA AND CALCULATION FORM (for one to four pots)* | W3: Start | AA3: Finish: when | AE3: Start | AI3: Finish: when | AL3: Start | AP3: Finish: 45 min
B4: Shaded cells and arrows require user input; unshaded cells automatically display outputs | AA4: Pot #1 boils | AI4: Pot #1 boils
B5: Qualitative data | U5: Measurements | V5: Units | W5: data | X5: label | AA5: data | AB5: label | AE5: data | AF5: label | AI5: data | AJ5: label | AL5: data | AM5: label | AP5: data | AQ5: label
B6: Name(s) of Tester(s) | M6: gray: efficiency | U6: Time (in 24 hour form) | V6: hr:min | X6: tci | AB6: tcf | AF6: thi | AJ6: thf | AM6: tsi | AQ6: tsf
B7: Test Number | M7: blue: emissions | U7: Weight of fuel | V7: g | X7: fci | AB7: fcf | AF7: fhi | AJ7: fhf | AM7: fsi | AQ7: fsf
B8: Date | M8: pink: error, missing input | U8: Water temperature, Pot # 1 | V8: ºC | X8: T1ci | AB8: T1cf | AF8: T1hi | AJ8: T1hf | AM8: T1si | AQ8: T1sf
B9: Location | D9: ='General Information'!C7 -> 0 | U9: Water temperature, Pot # 2 | V9: ºC | X9: T2ci | AB9: T2cf | AF9: T2hi | AJ9: T2hf | AM9: T2si | AQ9: T2sf
B10: Stove type/model | D10: ='General Information'!C10 -> 0 | U10: Water temperature, Pot # 3 | V10: ºC | X10: T3ci | AB10: T3cf | AF10: T3hi | AJ10: T3hf | AM10: T3si | AQ10: T3sf
B11: Type of fuel | D11: ='General Information'!J3 -> 0 | U11: Water temperature, Pot # 4 | V11: ºC | X11: T4ci | AB11: T4cf | AF11: T4hi | AJ11: T4hf | AM11: T4si | AQ11: T4sf
U12: Weight of Pot # 1 with water | V12: g | X12: P1ci | AB12: P1cf | AF12: P1hi | AJ12: P1hf | AM12: P1si | AQ12: P1sf
B13: Initial Test Conditions | U13: Weight of Pot # 2 with water | V13: g | X13: P2ci | AB13: P2cf | AF13: P2hi | AJ13: P2hf | AM13: P2si | AQ13: P2sf
B14: Data | E14: value | G14: units | I14: label | K14: Data | N14: value | P14: units | R14: label | U14: Weight of Pot # 3 with water | V14: g | X14: P3ci | AB14: P3cf | AF14: P3hi | AJ14: P3hf | AM14: P3si | AQ14: P3sf
B15: Air temperature | G15: ºC | K15: Dry weight of Pot # 1 (grams) | P15: g | R15: P1 | U15: Weight of Pot # 4 with water | V15: g | X15: P4ci | AB15: P4cf | AF15: P4hi | AJ15: P4hf | AM15: P4si | AQ15: P4sf
B16: Wind conditions | E16: 1 | K16: Dry weight of Pot # 2 (grams) | P16: g | R16: P2 | U16: Fire-starting materials (if any) | V16: --
B17: Fuel dimensions | K17: Dry weight of Pot # 3 (grams) | P17: g | R17: P3 | U17: Weight of charcoal+container | V17: g | AB17: cc | AI17: =AA17 -> 0 | AJ17: ch | AQ17: cs
B18: Fuel moisture content (wet basis) | G18: % | I18: MC | K18: Dry weight of Pot # 4 (grams) | P18: g | R18: P4 | U18: Average CO2 | V18: ppm | AB18: CO2c | AJ18: CO2h | AQ18: CO2s
B19: Gross calorific value (dry fuel) | E19: ='General Information'!L21 -> 0 | G19: kJ/kg | I19: HHV | K19: Weight of container for char (grams) | P19: g | R19: k | U19: Average CO | V19: ppm | Z19: 10 | AB19: COc | AJ19: COh | AQ19: COs
B20: Net calorific value (dry fuel) | E20: ='General Information'!L22 -> 0 | G20: kJ/kg | I20: LHV | K20: Local boiling point | N20: ='General Information'!C20 -> 0 | P20: ºC | R20: Tb | U20: Average PM | V20: ug/m3 | AB20: PMc | AJ20: PMh | AQ20: PMs
B21: Effective calorific value | K21: Background concentrations: CO2 | P21: ppm | R21: CO2,b | U21: Average Duct Temperature | V21: ºC | AB21: Tcd | AJ21: Thd | AQ21: Tsd
B22: (accounting for fuel moisture) | E22: =E20*(1-E18)-(E18*((N20-E15)*4.2+2260)) -> 0 | G22: kJ/kg | I22: EHV | M22: CO | P22: ppm | R22: CO,b | U22: Total CO2 (if available) | V22: g | AB22: mCO2,c | AJ22: mCO2,h | AQ22: mCO2,s
B23: Char calorific value | E23: ='General Information'!L11 -> 0 | G23: kJ/kg | M23: PM | P23: ug/m3 | R23: PM,b | U23: Total CO (if available) | V23: g | Z23: 10 | AB23: mCO,c | AJ23: mCO,h | AQ23: mCO,s
U24: Total PM (if available) | V24: g | AB24: mPM,c | AJ24: mPM,h | AQ24: mPM,s
B25: Notes about this test:
W26: COLD START | AA26: HOT START | AE26: SIMMER TEST (CALCULATIONS DIFFER FROM HIGH POWER TEST)
U27: Calculations/Results | V27: Units | W27: data | X27: label | AA27: data | AB27: label | AE27: Calculations/Results | AM27: Units | AP27: data | AQ27: label
U28: Fuel consumed (moist) | V28: g | W28: =W7-AA7 -> 0 | X28: fcm | AA28: =AE7-AI7 -> 0 | AB28: fhm | AE28: Fuel consumed during the simmer phase (moist) | AM28: g | AP28: =AL7-AP7 -> 0 | AQ28: fsm
U29: Net change in char during test | V29: g | W29: =AA17-$N$19 -> 0 | X29: Δcc | AA29: =IF(AA28=0,0,AI17-$N$19) -> 0 | AB29: Δch | AE29: Net change in char during test phase | AM29: g | AP29: =(AP17-$N$19)-W29 -> 0 | AQ29: Δcs
U30: Equivalent dry fuel consumed | V30: g | W30: =(W28*($E$20*(1-$E$18)-$E$18*(4.186*($N$20-$E$15)+2257))-W29*$E23)/$E$20 -> #DIV/0! | X30: fcd | AA30: =IF(AA28=0,0,(AA28*($E$20*(1-$E$18)-$E$18*(4.186*($N$20-$E$15)+2257))-AA29*$E23)/$E$20) -> 0 | AB30: fhd | AE30: Equivalent dry fuel consumed | AM30: g | AP30: =(AP28*($E$20*(1-$E$18)-$E$18*(4.186*($N$20-$E$15)+2257))-AP29*$E23)/$E$20 -> #DIV/0! | AQ30: fsd
U31: Water vaporized from all pots | V31: g | W31: =SUM(W12:W15)-SUM(AA12:AA15) -> 0 | X31: wcv | AA31: =SUM(AE12:AE15)-SUM(AI12:AI15) -> 0 | AB31: whv | AE31: Water vaporized | AM31: g | AP31: =(AL12-AP12)+(AL13-AP13)+(AL14-AP14)+(AL15-AP15) -> 0 | AQ31: wsv
U32: Effective mass of water boiled | V32: g | W32: =((AA12-$N15)*(AA8-W8)/($N$20-W8)+(AA13-$N16)*(AA9-W9)/($N$20-W9)+(AA14-$N17)*(AA10-W10)/($N$20-W10)+(AA15-$N18)*(AA11-W11)/($N$20-W11)) -> #DIV/0! | X32: wcr | AA32: =((AI12-$N15)*(AI8-AE8)/($N$20-AE8)+(AI13-$N16)*(AI9-AE9)/($N$20-AE9)+(AI14-$N17)*(AI10-AE10)/($N$20-AE10)+(AI15-$N18)*(AI11-AE11)/($N$20-AE11)) -> #DIV/0! | AB32: whr | AE32: Water remaining at end - All Pots | AM32: g | AP32: =(AP12-$N$15+((AP9-25)/(N20-25))*(AP13-N16)+((AP10-25)/(N20-25))*(AP14-N17)+((AP11-25)/(N20-25))*(AP15-N18)) -> 0 | AQ32: wsr
U33: Time to boil Pot # 1 | V33: min | W33: =(AA6-W6)*1440 -> 0 | X33: Δtc | AA33: =(AI6-AE6)*1440 -> 0 | AB33: Δth | AE33: Time of simmer (should be ~45 minutes) | AM33: min | AP33: =(AP6-AL6)*1440 -> 0 | AQ33: Δts
U34: Temp-corr time to boil Pot # 1 | V34: min | W34: =W33*75/(N20-W8) -> #DIV/0! | X34: ΔtTc | AA34: =AA33*75/(N20-AE8) -> #DIV/0! | AB34: ΔtTh | AE34: Thermal efficiency | AM34: % | AP34: =(4.186*((AL12-$N15+AP32)/2)*(AP8-AL8)+2260*AP31)/(AP30*$E$20) -> #DIV/0! | AQ34: hs
U35: Thermal efficiency | V35: % | W35: =(4.186*SUM((W12-$N15)*(AA8-W8),(W13-$N16)*(AA9-W9),(W14-$N17)*(AA10-W10),(W15-$N18)*(AA11-W11))+2260*W31)/(W30*$E20) -> #DIV/0! | X35: hc | AA35: =(4.186*SUM((AE12-$N15)*(AI8-AE8),(AE13-$N16)*(AI9-AE9),(AE14-$N17)*(AI10-AE10),(AE15-$N18)*(AI11-AE11))+2260*AA31)/(AA30*$E20) -> #DIV/0! | AB35: hh | AE35: Burning rate | AM35: g/min | AP35: =AP30/AP33 -> #DIV/0! | AQ35: rsb
B36: BASIC TEST DATA | U36: Burning rate | V36: g/min | W36: =W30/W33 -> #DIV/0! | X36: rcb | AA36: =AA30/AA33 -> #DIV/0! | AB36: rhb | AE36: Specific fuel consumption | AM36: g/liter remaining | AP36: =AP30/AP32*1000 -> #DIV/0! | AQ36: SCs
U37: Specific fuel consumption | V37: g/liter boiled | W37: =1000*W30/W32 -> #DIV/0! | X37: SCc | AA37: =1000*AA30/AA32 -> #DIV/0! | AB37: SCh | AE37: Firepower | AM37: watts | AP37: =AP30*$E$20/(AP33*60) -> #DIV/0! | AQ37: FPs
B38: ="TEST #6 "&D7 -> TEST #6 | U38: Temp-corr sp consumption | V38: g/liter | W38: =W37*75/($N$20-W8) -> #DIV/0! | X38: SCTc | AA38: =AA37*75/($N$20-AE8) -> #DIV/0! | AB38: SCTh | AE38: Turn down ratio | AM38: -- | AP38: =W40/AP37 -> #DIV/0! | AQ38: TDR
B39: Notes on the High Power - Cold Start Test. Add description only if it differs from "General Information" sheet | U39: Temp-corr sp energy consumpt. | V39: kJ/liter | W39: =(W38/1000)*E20 -> #DIV/0! | X39: SETC | AA39: =(AA38/1000)*E20 -> #DIV/0! | AB39: SETH | AE39: Specific Energy Consumption | AM39: kJ/liter | AP39: =(AP36/1000)*E20 -> #DIV/0! | AQ39: SES
U40: Firepower | V40: watts | W40: =W30*$E$20/(W33*60) -> #DIV/0! | X40: FPc | AA40: =AA30*$E$20/(AA33*60) -> #DIV/0! | AB40: FPh | AE40: Fuel Benchmark to Complete 5L WBT | AM40: g | AP40: =IF(ISERROR(AA38),5*(W38+AP36),5*(AVERAGE(W38,AA38)+AP36)) -> #DIV/0! | AQ40: BF
AE41: Energy Benchmark to Complete 5L WBT | AM41: kJ | AP41: =(AP40/1000)*E20 -> #DIV/0! | AQ41: BE
U42: Emissions Calculation Method: | W42: 1
U43: IWA PERFORMANCE METRICS | AE43: Data | AF43: Tier
U44: High Power Thermal Efficiency | AB44: % | AE44: =IF(AA33=0,W35,(W35+AA35)/2) -> #DIV/0! | AF44: =IF(AE44=0,"-",IF(AE44<Lists!E15,"0",IF(AE44<Lists!I15,1,IF(AE44<Lists!K15,2,IF(AE44<Lists!M15,3,4))))) -> #DIV/0!
U45: Low Power Specific Fuel Consumption | AB45: MJ/(min∙L) | AE45: =AP30*'General Information'!L22/(AP32*AP33*1000) -> #DIV/0! | AF45: =IF(AE45>Lists!E16,"0",IF(AE45>Lists!I16,1,IF(AE45>Lists!K16,2,IF(AE45>Lists!M16,3,4)))) -> #DIV/0!
U46: High Power CO | AB46: g/MJ | AE46: =IF(W42=3,IF(AA33=0,1000000/'General Information'!L22*AA23/(W35*W30),1000000/'General Information'!L22*(AA23/(W35*W30)+AI23/(AA35*AA30))/2),IF(W42=1,IF(AA33=0,1000000/'General Information'!L22*W70/(W35*W30),1000000/'General Information'!L22*(W70/(W35*W30)+AA70/(AA35*AA30))/2),IF(AA33=0,1000000/'General Information'!L22*W74/(W35*W30),1000000/'General Information'!L22*(W74/(W35*W30)+AA74/(AA35*AA30))/2))) -> #DIV/0! | AF46: =IF(AE46>Lists!E17,"0",IF(AE46>Lists!I17,1,IF(AE46>Lists!K17,2,IF(AE46>Lists!M17,3,4)))) -> #DIV/0!
U47: Low Power CO | AB47: g/(min∙L) | AE47: =IF(W42=3,AP23/(AP33*AP32)*1000,IF(W42=1,AE70/(AP33*AP32)*1000,AE74/(AP33*AP32)*1000)) -> #DIV/0! | AF47: =IF(AE47>Lists!E18,"0",IF(AE47>Lists!I18,1,IF(AE47>Lists!K18,2,IF(AE47>Lists!M18,3,4)))) -> #DIV/0!
U48: High Power PM | AB48: mg/MJ | AE48: =IF(W42=3,IF(AA33=0,10^9/'General Information'!L22*AA24/(W35*W30),10^9/'General Information'!L22*(AA24/(W35*W30)+AI24/(AA35*AA30))/2),IF(W42=1,IF(AA33=0,10^9/'General Information'!L22*W71/(W35*W30),10^9/'General Information'!L22*(W71/(W35*W30)+AA71/(AA35*AA30))/2),IF(AA33=0,10^9/'General Information'!L22*W75/(W35*W30),10^9/'General Information'!L22*(W75/(W35*W30)+AA75/(AA35*AA30))/2))) -> #DIV/0! | AF48: =IF(AE48>Lists!E19,"0",IF(AE48>Lists!I19,1,IF(AE48>Lists!K19,2,IF(AE48>Lists!M19,3,4)))) -> #DIV/0!
U49: Low Power PM | AB49: mg/(min∙L) | AE49: =IF(W42=3,AP24/(AP33*AP32)*1000000,IF(W42=1,AE71/(AP33*AP32)*1000000,AE75/(AP33*AP32)*1000000)) -> #DIV/0! | AF49: =IF(AE49>Lists!E20,"0",IF(AE49>Lists!I20,1,IF(AE49>Lists!K20,2,IF(AE49>Lists!M20,3,4)))) -> #DIV/0!
B50: Notes on the High Power - Hot Start Test | U50: Indoor CO Emissions | AB50: g/min | AE50: =IF(W42=3,IF(IF(AA33=0,AA23/W33,(AA23/W33+AI23/AA33)/2)<(AP23/AP33),AP23/AP33,IF(AA33=0,AA23/W33,(AA23/W33+AI23/AA33)/2)),IF(W42=1,IF(IF(AA33=0,W70/W33,(W70/W33+AA70/AA33)/2)<(AE70/AP33),AE70/AP33,IF(AA33=0,W70/W33,(W70/W33+AA70/AA33)/2)),IF(IF(AA33=0,W74/W33,(W74/W33+AA74/AA33)/2)<(AE74/AP33),AE74/AP33,IF(AA33=0,W74/W33,(W74/W33+AA74/AA33)/2)))) -> #DIV/0! | AF50: =IF(AE50>Lists!E21,"0",IF(AE50>Lists!I21,1,IF(AE50>Lists!K21,2,IF(AE50>Lists!M21,3,4)))) -> #DIV/0!
U51: Indoor PM Emissions | AB51: mg/min | AE51: =IF(W42=3,IF(IF(AA33=0,AA24/W33,(AA24/W33+AI24/AA33)/2)<(AP24/AP33),AP24/AP33*1000,IF(AA33=0,AA24/W33,(AA24/W33+AI24/AA33)/2)*1000),IF(W42=1,IF(IF(AA33=0,W71/W33,(W71/W33+AA71/AA33)/2)<(AE71/AP33),AE71/AP33*1000,IF(AA33=0,W71/W33,(W71/W33+AA71/AA33)/2)*1000),IF(IF(AA33=0,W75/W33,(W75/W33+AA75/AA33)/2)<(AE75/AP33),AE75/AP33*1000,IF(AA33=0,W75/W33,(W75/W33+AA75/AA33)/2)*1000))) -> #DIV/0! | AF51: =IF(AE51>Lists!E22,"0",IF(AE51>Lists!I22,1,IF(AE51>Lists!K22,2,IF(AE51>Lists!M22,3,4)))) -> #DIV/0!
U52: ="TEST #6 "&D7 -> TEST #6 | V52: Emission Report
W53: COLD START | AA53: HOT START | AE53: SIMMER TEST
U54: Calculations/Results | V54: Units | W54: data | X54: label | AA54: data | AB54: label | AE54: data | AF54: label
U55: Total exhaust flow | V55: m3 | W55: ='General Information'!$C$24*W33/60 -> 0 | X55: Vc | AA55: ='General Information'!$C$24*AA33/60 -> 0 | AB55: Vh | AE55: ='General Information'!$C$24*AP33/60 -> 0 | AF55: Vs
U56: Exhaust carbon concentration | V56: ppm | W56: =((AA18-$N21)+(AA19-$N22)+(AA20-$N23)/15/('General Information'!$C$22/0.008314/(AA21+273.15))) -> #DIV/0! | X56: CCc | AA56: =((AI18-$N21)+(AI19-$N22)+(AI20-$N23)/15/('General Information'!$C$22/0.008314/(AI21+273.15))) -> #DIV/0! | AB56: CCh | AE56: =((AP18-$N21)+(AP19-$N22)+(AP20-$N23)/15/('General Information'!$C$22/0.008314/(AP21+273.15))) -> #DIV/0! | AF56: CCs
U57: Total carbon in exhaust | V57: g/m3 | W57: ='General Information'!$C$22/0.008314/(AA21+273.15)*W56*0.000001*12 -> #DIV/0! | X57: Cc | AA57: ='General Information'!$C$22/0.008314/(AI21+273.15)*AA56*0.000001*12 -> #DIV/0! | AB57: Ch | AE57: ='General Information'!$C$22/0.008314/(AP21+273.15)*AE56*0.000001*12 -> #DIV/0! | AF57: Cs
U58: Fuel consumed est. (dry) | V58: g | W58: =W57*W55/fuelFracC -> #DIV/0! | X58: fce | AA58: =AA57*AA55/fuelFracC -> #DIV/0! | AB58: fhe | AE58: =AE57*AE55/fuelFracC -> #DIV/0! | AF58: fse
U59: Hood carbon balance | V59: % | W59: =W58/((1-$E$18)*(W28)-W29*charFracC/'General Information'!L23) -> #DIV/0! | X59: CBc | AA59: =AA58/((1-$E$18)*(AA28)-AA29*charFracC/'General Information'!L23) -> #DIV/0! | AB59: CBh | AE59: =AE58/((1-$E$18)*(AP28)-AP29*charFracC/'General Information'!L23) -> #DIV/0! | AF59: CBs
U60: Emission per water boiled
B61: Notes on the Low Power - Simmer Test | U61: CO2 | V61: g/liter | W61: =IF($W$42=3,AA22/W$32*1000,IF($W$42=1,W69/W$32*1000,W73/W$32*1000)) -> #DIV/0! | X61: ECO2,c | AA61: =IF($W$42=3,AI22/AA$32*1000,IF($W$42=1,AA69/AA$32*1000,AA73/AA$32*1000)) -> #DIV/0! | AB61: ECO2,h | AE61: =IF($W$42=3,AP22/AP$32*1000,IF($W$42=1,AE69/AP$32*1000,AE73/AP$32*1000)) -> #DIV/0! | AF61: ECO2,s
U62: CO | V62: g/liter | W62: =IF($W$42=3,AA23/W$32*1000,IF($W$42=1,W70/W$32*1000,W74/W$32*1000)) -> #DIV/0! | X62: ECO,c | AA62: =IF($W$42=3,AI23/AA$32*1000,IF($W$42=1,AA70/AA$32*1000,AA74/AA$32*1000)) -> #DIV/0! | AB62: ECO,h | AE62: =IF($W$42=3,AP23/AP$32*1000,IF($W$42=1,AE70/AP$32*1000,AE74/AP$32*1000)) -> #DIV/0! | AF62: ECO,s
U63: PM | V63: g/liter | W63: =IF($W$42=3,AA24/W$32*1000,IF($W$42=1,W71/W$32*1000,W75/W$32*1000)) -> #DIV/0! | X63: EPM,c | AA63: =IF($W$42=3,AI24/AA$32*1000,IF($W$42=1,AA71/AA$32*1000,AA75/AA$32*1000)) -> #DIV/0! | AB63: EPM,h | AE63: =IF($W$42=3,AP24/AP$32*1000,IF($W$42=1,AE71/AP$32*1000,AE75/AP$32*1000)) -> #DIV/0! | AF63: EPM,s
U64: Mass emission factors
U65: CO2 | V65: g/kgf | W65: =IF(W42=2,W73/(W28*(1-E18)-W29*charFracC/fuelFracC),IF(W56>0,((AA18-$N21)*44/12)/(W$56/fuelFracC)*1000,0)) -> #DIV/0! | X65: EFCO2,c | AA65: =IF(W42=2,AA73/(AA28*(1-E18)-AA29*charFracC/fuelFracC),IF(AA56>0,((AI18-$N21)*44/12)/(AA$56/fuelFracC)*1000,0)) -> #DIV/0! | AB65: EFCO2,h | AE65: =IF(W42=2,AE73/(AP28*(1-E18)-AP29*charFracC/fuelFracC),IF(AE56>0,((AP18-$N21)*44/12)/(AE$56/fuelFracC)*1000,0)) -> #DIV/0! | AF65: EFCO2,s
U66: CO | V66: g/kgf | W66: =IF(W42=2,W74/(W28*(1-E18)-W29*charFracC/fuelFracC),IF(W56>0,((AA19-$N22)*28/12)/(W$56/fuelFracC)*1000,0)) -> #DIV/0! | X66: EFCO,c | AA66: =IF(W42=2,AA74/(AA28*(1-E18)-AA29*charFracC/fuelFracC),IF(AA56>0,((AI19-$N22)*28/12)/(AA$56/fuelFracC)*1000,0)) -> #DIV/0! | AB66: EFCO,h | AE66: =IF(W42=2,AE74/(AP28*(1-E18)-AP29*charFracC/fuelFracC),IF(AE56>0,((AP19-$N22)*28/12)/(AE$56/fuelFracC)*1000,0)) -> #DIV/0! | AF66: EFCO,s
U67: PM | V67: g/kgf | W67: =IF(W42=2,W75/(W28*(1-E18)-W29*charFracC/fuelFracC),IF(W57>0,(AA20-$N23)/(W$57/fuelFracC)*1000/1000000,0)) -> #DIV/0! | X67: EFPM,c | AA67: =IF(W42=2,AA75/(AA28*(1-E18)-AA29*charFracC/fuelFracC),IF(AA57>0,(AI20-$N23)/(AA$57/fuelFracC)*1000/1000000,0)) -> #DIV/0! | AB67: EFPM,h | AE67: =IF(W42=2,AE75/(AP28*(1-E18)-AP29*charFracC/fuelFracC),IF(AE57>0,(AP20-$N23)/(AE$57/fuelFracC)*1000/1000000,0)) -> #DIV/0! | AF67: EFPM,s
U68: Total Emissions (carbon balance)
U69: CO2 | V69: g | W69: =W65*(W28*(1-$E$18)-W29*charFracC/fuelFracC)/1000 -> #DIV/0! | X69: mCO2,c | AA69: =AA65*(AA28*(1-$E$18)-AA29*charFracC/fuelFracC)/1000 -> #DIV/0! | AB69: mCO2,h | AE69: =AE65*(AP28*(1-$E$18)-AP29*charFracC/fuelFracC)/1000 -> #DIV/0! | AF69: mCO2,s
U70: CO | V70: g | W70: =W66*(W28*(1-$E$18)-W29*charFracC/fuelFracC)/1000 -> #DIV/0! | X70: mCO,c | AA70: =AA66*(AA28*(1-$E$18)-AA29*charFracC/fuelFracC)/1000 -> #DIV/0! | AB70: mCO,h | AE70: =AE66*(AP28*(1-$E$18)-AP29*charFracC/fuelFracC)/1000 -> #DIV/0! | AF70: mCO,s
U71: PM | V71: g | W71: =W67*(W28*(1-$E$18)-W29*charFracC/fuelFracC)/1000 -> #DIV/0! | X71: mPM,c | AA71: =AA67*(AA28*(1-$E$18)-AA29*charFracC/fuelFracC)/1000 -> #DIV/0! | AB71: mPM,h | AE71: =AE67*(AP28*(1-$E$18)-AP29*charFracC/fuelFracC)/1000 -> #DIV/0! | AF71: mPM,s
U72: Total Emissions (total capture)
U73: CO2 | V73: g | W73: =W55*(AA18-N21)*(44*'General Information'!C22)/(0.008314*(AA21+273.15))/1000000 -> 0 | X73: mCO2,c | AA73: =AA55*(AI18-N21)*(44*'General Information'!C22)/(0.008314*(AI21+273.15))/1000000 -> 0 | AB73: mCO2,h | AE73: =AE55*(AP18-N21)*(44*'General Information'!C22)/(0.008314*(AP21+273.15))/1000000 -> 0 | AF73: mCO2,s
U74: CO | V74: g | W74: =W55*(AA19-N22)*(28*'General Information'!C22)/(0.008314*(AA21+273.15))/1000000 -> 0 | X74: mCO,c | AA74: =AA55*(AI19-N22)*(28*'General Information'!C22)/(0.008314*(AI21+273.15))/1000000 -> 0 | AB74: mCO,h | AE74: =AE55*(AP19-N22)*(28*'General Information'!C22)/(0.008314*(AP21+273.15))/1000000 -> 0 | AF74: mCO,s
U75: PM | V75: g | W75: =W55*(AA20-N23)/1000000 -> 0 | X75: mPM,c | AA75: =AA55*(AI20-N23)/1000000 -> 0 | AB75: mPM,h | AE75: =AE55*(AP20-N23)/1000000 -> 0 | AF75: mPM,s
U76: Emission benchmarks:
U77: CO to Complete 5L WBT | V77: g | W77: =(IF(ISERROR(AA$38),W62,AVERAGE(W62,AA62))+AE62)*5 -> #DIV/0! | X77: BCO
U78: PM to Complete 5L WBT | V78: g | W78: =(IF(ISERROR(AA$38),W63,AVERAGE(W63,AA63))+AE63)*5 -> #DIV/0! | X78: BPM

Sheet Test-7
A2: ="WATER BOILING TEST - VERSION "&version&" - TEST #7" -> WATER BOILING TEST - VERSION 4.2.3 - TEST #7 | U2: ="TEST #7 "&D7 -> TEST #7 | W2: COLD START HIGH POWER | AE2: HOT START HIGH POWER (OPTIONAL) | AL2: SIMMER TEST
B3: DATA AND CALCULATION FORM (for one to four pots)* | W3: Start | AA3: Finish: when | AE3: Start | AI3: Finish: when | AL3: Start | AP3: Finish: 45 min
B4: Shaded cells and arrows require user input; unshaded cells automatically display outputs | AA4: Pot #1 boils | AI4: Pot #1 boils
B5: Qualitative data | U5: Measurements | V5: Units | W5: data | X5: label | AA5: data | AB5: label | AE5: data | AF5: label | AI5: data | AJ5: label | AL5: data | AM5: label | AP5: data | AQ5: label
B6: Name(s) of Tester(s) | M6: gray: efficiency | U6: Time (in 24 hour form) | V6: hr:min | X6: tci | AB6: tcf | AF6: thi | AJ6: thf | AM6: tsi | AQ6: tsf
B7: Test Number | M7: blue: emissions | U7: Weight of fuel | V7: g | X7: fci | AB7: fcf | AF7: fhi | AJ7: fhf | AM7: fsi | AQ7: fsf
B8: Date | M8: pink: error, missing input | U8: Water temperature, Pot # 1 | V8: ºC | X8: T1ci | AB8: T1cf | AF8: T1hi | AJ8: T1hf | AM8: T1si | AQ8: T1sf
B9: Location | D9: ='General Information'!C7 -> 0 | U9: Water temperature, Pot # 2 | V9: ºC | X9: T2ci | AB9: T2cf | AF9: T2hi | AJ9: T2hf | AM9: T2si | AQ9: T2sf
B10: Stove type/model | D10: ='General Information'!C10 -> 0 | U10: Water temperature, Pot # 3 | V10: ºC | X10: T3ci | AB10: T3cf | AF10: T3hi | AJ10: T3hf | AM10: T3si | AQ10: T3sf
B11: Type of fuel | D11: ='General Information'!J3 -> 0 | U11: Water temperature, Pot # 4 | V11: ºC | X11: T4ci | AB11: T4cf | AF11: T4hi | AJ11: T4hf | AM11: T4si | AQ11: T4sf
U12: Weight of Pot # 1 with water | V12: g | X12: P1ci | AB12: P1cf | AF12: P1hi | AJ12: P1hf | AM12: P1si | AQ12: P1sf
B13: Initial Test Conditions | U13: Weight of Pot # 2 with water | V13: g | X13: P2ci | AB13: P2cf | AF13: P2hi | AJ13: P2hf | AM13: P2si | AQ13: P2sf
B14: Data | E14: value | G14: units | I14: label | K14: Data | N14: value | P14: units | R14: label | U14: Weight of Pot # 3 with water | V14: g | X14: P3ci | AB14: P3cf | AF14: P3hi | AJ14: P3hf | AM14: P3si | AQ14: P3sf
B15: Air temperature | G15: ºC | K15: Dry weight of Pot # 1 (grams) | P15: g | R15: P1 | U15: Weight of Pot # 4 with water | V15: g | X15: P4ci | AB15: P4cf | AF15: P4hi | AJ15: P4hf | AM15: P4si | AQ15: P4sf
B16: Wind conditions | E16: 1 | K16: Dry weight of Pot # 2 (grams) | P16: g | R16: P2 | U16: Fire-starting materials (if any) | V16: --
B17: Fuel dimensions | K17: Dry weight of Pot # 3 (grams) | P17: g | R17: P3 | U17: Weight of charcoal+container | V17: g | AB17: cc | AI17: =AA17 -> 0 | AJ17: ch | AQ17: cs
B18: Fuel moisture content (wet basis) | G18: % | I18: MC | K18: Dry weight of Pot # 4 (grams) | P18: g | R18: P4 | U18: Average CO2 | V18: ppm | AB18: CO2c | AJ18: CO2h | AQ18: CO2s
B19: Gross calorific value (dry fuel) | E19: ='General Information'!L21 -> 0 | G19: kJ/kg | I19: HHV | K19: Weight of container for char (grams) | P19: g | R19: k | U19: Average CO | V19: ppm | Z19: 10 | AB19: COc | AJ19: COh | AQ19: COs
B20: Net calorific value (dry fuel) | E20: ='General Information'!L22 -> 0 | G20: kJ/kg | I20: LHV | K20: Local boiling point | N20: ='General Information'!C20 -> 0 | P20: ºC | R20: Tb | U20: Average PM | V20: ug/m3 | AB20: PMc | AJ20: PMh | AQ20: PMs
B21: Effective calorific value | K21: Background concentrations: CO2 | P21: ppm | R21: CO2,b | U21: Average Duct Temperature | V21: ºC | AB21: Tcd | AJ21: Thd | AQ21: Tsd
B22: (accounting for fuel moisture) | E22: =E20*(1-E18)-(E18*((N20-E15)*4.2+2260)) -> 0 | G22: kJ/kg | I22: EHV | M22: CO | P22: ppm | R22: CO,b | U22: Total CO2 (if available) | V22: g | AB22: mCO2,c | AJ22: mCO2,h | AQ22: mCO2,s
B23: Char calorific value | E23: ='General Information'!L11 -> 0 | G23: kJ/kg | M23: PM | P23: ug/m3 | R23: PM,b | U23: Total CO (if available) | V23: g | Z23: 10 | AB23: mCO,c | AJ23: mCO,h | AQ23: mCO,s
U24: Total PM (if available) | V24: g | AB24: mPM,c | AJ24: mPM,h | AQ24: mPM,s
B25: Notes about this test:
W26: COLD START | AA26: HOT START | AE26: SIMMER TEST (CALCULATIONS DIFFER FROM HIGH POWER TEST)
U27: Calculations/Results | V27: Units | W27: data | X27: label | AA27: data | AB27: label | AE27: Calculations/Results | AM27: Units | AP27: data | AQ27: label
U28: Fuel consumed (moist) | V28: g | W28: =W7-AA7 -> 0 | X28: fcm | AA28: =AE7-AI7 -> 0 | AB28: fhm | AE28: Fuel consumed during the simmer phase (moist) | AM28: g | AP28: =AL7-AP7 -> 0 | AQ28: fsm
U29: Net change in char during test | V29: g | W29: =AA17-$N$19 -> 0 | X29: Δcc | AA29: =IF(AA28=0,0,AI17-$N$19) -> 0 | AB29: Δch | AE29: Net change in char during test phase | AM29: g | AP29: =(AP17-$N$19)-W29 -> 0 | AQ29: Δcs
U30: Equivalent dry fuel consumed | V30: g | W30: =(W28*($E$20*(1-$E$18)-$E$18*(4.186*($N$20-$E$15)+2257))-W29*$E23)/$E$20 -> #DIV/0! | X30: fcd | AA30: =IF(AA28=0,0,(AA28*($E$20*(1-$E$18)-$E$18*(4.186*($N$20-$E$15)+2257))-AA29*$E23)/$E$20) -> 0 | AB30: fhd | AE30: Equivalent dry fuel consumed | AM30: g | AP30: =(AP28*($E$20*(1-$E$18)-$E$18*(4.186*($N$20-$E$15)+2257))-AP29*$E23)/$E$20 -> #DIV/0! | AQ30: fsd
U31: Water vaporized from all pots | V31: g | W31: =SUM(W12:W15)-SUM(AA12:AA15) -> 0 | X31: wcv | AA31: =SUM(AE12:AE15)-SUM(AI12:AI15) -> 0 | AB31: whv | AE31: Water vaporized | AM31: g | AP31: =(AL12-AP12)+(AL13-AP13)+(AL14-AP14)+(AL15-AP15) -> 0 | AQ31: wsv
U32: Effective mass of water boiled | V32: g | W32: =((AA12-$N15)*(AA8-W8)/($N$20-W8)+(AA13-$N16)*(AA9-W9)/($N$20-W9)+(AA14-$N17)*(AA10-W10)/($N$20-W10)+(AA15-$N18)*(AA11-W11)/($N$20-W11)) -> #DIV/0! | X32: wcr | AA32: =((AI12-$N15)*(AI8-AE8)/($N$20-AE8)+(AI13-$N16)*(AI9-AE9)/($N$20-AE9)+(AI14-$N17)*(AI10-AE10)/($N$20-AE10)+(AI15-$N18)*(AI11-AE11)/($N$20-AE11)) -> #DIV/0! | AB32: whr | AE32: Water remaining at end - All Pots | AM32: g | AP32: =(AP12-$N$15+((AP9-25)/(N20-25))*(AP13-N16)+((AP10-25)/(N20-25))*(AP14-N17)+((AP11-25)/(N20-25))*(AP15-N18)) -> 0 | AQ32: wsr
U33: Time to boil Pot # 1 | V33: min | W33: =(AA6-W6)*1440 -> 0 | X33: Δtc | AA33: =(AI6-AE6)*1440 -> 0 | AB33: Δth | AE33: Time of simmer (should be ~45 minutes) | AM33: min | AP33: =(AP6-AL6)*1440 -> 0 | AQ33: Δts
U34: Temp-corr time to boil Pot # 1 | V34: min | W34: =W33*75/(N20-W8) -> #DIV/0! | X34: ΔtTc | AA34: =AA33*75/(N20-AE8) -> #DIV/0! | AB34: ΔtTh | AE34: Thermal efficiency | AM34: % | AP34: =(4.186*((AL12-$N15+AP32)/2)*(AP8-AL8)+2260*AP31)/(AP30*$E$20) -> #DIV/0! | AQ34: hs
U35: Thermal efficiency | V35: % | W35: =(4.186*SUM((W12-$N15)*(AA8-W8),(W13-$N16)*(AA9-W9),(W14-$N17)*(AA10-W10),(W15-$N18)*(AA11-W11))+2260*W31)/(W30*$E20) -> #DIV/0! | X35: hc | AA35: =(4.186*SUM((AE12-$N15)*(AI8-AE8),(AE13-$N16)*(AI9-AE9),(AE14-$N17)*(AI10-AE10),(AE15-$N18)*(AI11-AE11))+2260*AA31)/(AA30*$E20) -> #DIV/0! | AB35: hh | AE35: Burning rate | AM35: g/min | AP35: =AP30/AP33 -> #DIV/0! | AQ35: rsb
B36: BASIC TEST DATA | U36: Burning rate | V36: g/min | W36: =W30/W33 -> #DIV/0! | X36: rcb | AA36: =AA30/AA33 -> #DIV/0! | AB36: rhb | AE36: Specific fuel consumption | AM36: g/liter remaining | AP36: =AP30/AP32*1000 -> #DIV/0! | AQ36: SCs
U37: Specific fuel consumption | V37: g/liter boiled | W37: =1000*W30/W32 -> #DIV/0! | X37: SCc | AA37: =1000*AA30/AA32 -> #DIV/0! | AB37: SCh | AE37: Firepower | AM37: watts | AP37: =AP30*$E$20/(AP33*60) -> #DIV/0! | AQ37: FPs
B38: ="TEST #7 "&D7 -> TEST #7 | U38: Temp-corr sp consumption | V38: g/liter | W38: =W37*75/($N$20-W8) -> #DIV/0! | X38: SCTc | AA38: =AA37*75/($N$20-AE8) -> #DIV/0! | AB38: SCTh | AE38: Turn down ratio | AM38: -- | AP38: =W40/AP37 -> #DIV/0! | AQ38: TDR
B39: Notes on the High Power - Cold Start Test. Add description only if it differs from "General Information" sheet | U39: Temp-corr sp energy consumpt. | V39: kJ/liter | W39: =(W38/1000)*E20 -> #DIV/0! | X39: SETC | AA39: =(AA38/1000)*E20 -> #DIV/0! | AB39: SETH | AE39: Specific Energy Consumption | AM39: kJ/liter | AP39: =(AP36/1000)*E20 -> #DIV/0! | AQ39: SES
U40: Firepower | V40: watts | W40: =W30*$E$20/(W33*60) -> #DIV/0! | X40: FPc | AA40: =AA30*$E$20/(AA33*60) -> #DIV/0! | AB40: FPh | AE40: Fuel Benchmark to Complete 5L WBT | AM40: g | AP40: =IF(ISERROR(AA38),5*(W38+AP36),5*(AVERAGE(W38,AA38)+AP36)) -> #DIV/0! | AQ40: BF
AE41: Energy Benchmark to Complete 5L WBT | AM41: kJ | AP41: =(AP40/1000)*E20 -> #DIV/0! | AQ41: BE
U42: Emissions Calculation Method: | W42: 1
U43: IWA PERFORMANCE METRICS | AE43: Data | AF43: Tier
U44: High Power Thermal Efficiency | AB44: % | AE44: =IF(AA33=0,W35,(W35+AA35)/2) -> #DIV/0! | AF44: =IF(AE44=0,"-",IF(AE44<Lists!E15,"0",IF(AE44<Lists!I15,1,IF(AE44<Lists!K15,2,IF(AE44<Lists!M15,3,4))))) -> #DIV/0!
U45: Low Power Specific Fuel Consumption | AB45: MJ/(min∙L) | AE45: =AP30*'General Information'!L22/(AP32*AP33*1000) -> #DIV/0! | AF45: =IF(AE45>Lists!E16,"0",IF(AE45>Lists!I16,1,IF(AE45>Lists!K16,2,IF(AE45>Lists!M16,3,4)))) -> #DIV/0!
U46: High Power CO | AB46: g/MJ | AE46: =IF(W42=3,IF(AA33=0,1000000/'General Information'!L22*AA23/(W35*W30),1000000/'General Information'!L22*(AA23/(W35*W30)+AI23/(AA35*AA30))/2),IF(W42=1,IF(AA33=0,1000000/'General Information'!L22*W70/(W35*W30),1000000/'General Information'!L22*(W70/(W35*W30)+AA70/(AA35*AA30))/2),IF(AA33=0,1000000/'General Information'!L22*W74/(W35*W30),1000000/'General Information'!L22*(W74/(W35*W30)+AA74/(AA35*AA30))/2))) -> #DIV/0! | AF46: =IF(AE46>Lists!E17,"0",IF(AE46>Lists!I17,1,IF(AE46>Lists!K17,2,IF(AE46>Lists!M17,3,4)))) -> #DIV/0!
U47: Low Power CO | AB47: g/(min∙L) | AE47: =IF(W42=3,AP23/(AP33*AP32)*1000,IF(W42=1,AE70/(AP33*AP32)*1000,AE74/(AP33*AP32)*1000)) -> #DIV/0! | AF47: =IF(AE47>Lists!E18,"0",IF(AE47>Lists!I18,1,IF(AE47>Lists!K18,2,IF(AE47>Lists!M18,3,4)))) -> #DIV/0!
U48: High Power PM | AB48: mg/MJ | AE48: =IF(W42=3,IF(AA33=0,10^9/'General Information'!L22*AA24/(W35*W30),10^9/'General Information'!L22*(AA24/(W35*W30)+AI24/(AA35*AA30))/2),IF(W42=1,IF(AA33=0,10^9/'General Information'!L22*W71/(W35*W30),10^9/'General Information'!L22*(W71/(W35*W30)+AA71/(AA35*AA30))/2),IF(AA33=0,10^9/'General Information'!L22*W75/(W35*W30),10^9/'General Information'!L22*(W75/(W35*W30)+AA75/(AA35*AA30))/2))) -> #DIV/0! | AF48: =IF(AE48>Lists!E19,"0",IF(AE48>Lists!I19,1,IF(AE48>Lists!K19,2,IF(AE48>Lists!M19,3,4)))) -> #DIV/0!
U49: Low Power PM | AB49: mg/(min∙L) | AE49: =IF(W42=3,AP24/(AP33*AP32)*1000000,IF(W42=1,AE71/(AP33*AP32)*1000000,AE75/(AP33*AP32)*1000000)) -> #DIV/0! | AF49: =IF(AE49>Lists!E20,"0",IF(AE49>Lists!I20,1,IF(AE49>Lists!K20,2,IF(AE49>Lists!M20,3,4)))) -> #DIV/0!
B50: Notes on the High Power - Hot Start Test | U50: Indoor CO Emissions | AB50: g/min | AE50: =IF(W42=3,IF(IF(AA33=0,AA23/W33,(AA23/W33+AI23/AA33)/2)<(AP23/AP33),AP23/AP33,IF(AA33=0,AA23/W33,(AA23/W33+AI23/AA33)/2)),IF(W42=1,IF(IF(AA33=0,W70/W33,(W70/W33+AA70/AA33)/2)<(AE70/AP33),AE70/AP33,IF(AA33=0,W70/W33,(W70/W33+AA70/AA33)/2)),IF(IF(AA33=0,W74/W33,(W74/W33+AA74/AA33)/2)<(AE74/AP33),AE74/AP33,IF(AA33=0,W74/W33,(W74/W33+AA74/AA33)/2)))) -> #DIV/0! | AF50: =IF(AE50>Lists!E21,"0",IF(AE50>Lists!I21,1,IF(AE50>Lists!K21,2,IF(AE50>Lists!M21,3,4)))) -> #DIV/0!
U51: Indoor PM Emissions | AB51: mg/min | AE51: =IF(W42=3,IF(IF(AA33=0,AA24/W33,(AA24/W33+AI24/AA33)/2)<(AP24/AP33),AP24/AP33*1000,IF(AA33=0,AA24/W33,(AA24/W33+AI24/AA33)/2)*1000),IF(W42=1,IF(IF(AA33=0,W71/W33,(W71/W33+AA71/AA33)/2)<(AE71/AP33),AE71/AP33*1000,IF(AA33=0,W71/W33,(W71/W33+AA71/AA33)/2)*1000),IF(IF(AA33=0,W75/W33,(W75/W33+AA75/AA33)/2)<(AE75/AP33),AE75/AP33*1000,IF(AA33=0,W75/W33,(W75/W33+AA75/AA33)/2)*1000))) -> #DIV/0! | AF51: =IF(AE51>Lists!E22,"0",IF(AE51>Lists!I22,1,IF(AE51>Lists!K22,2,IF(AE51>Lists!M22,3,4)))) -> #DIV/0!
U52: ="TEST #7 "&D7 -> TEST #7 | V52: Emission Report
W53: COLD START | AA53: HOT START | AE53: SIMMER TEST
U54: Calculations/Results | V54: Units | W54: data | X54: label | AA54: data | AB54: label | AE54: data | AF54: label
U55: Total exhaust flow | V55: m3 | W55: ='General Information'!$C$24*W33/60 -> 0 | X55: Vc | AA55: ='General Information'!$C$24*AA33/60 -> 0 | AB55: Vh | AE55: ='General Information'!$C$24*AP33/60 -> 0 | AF55: Vs
U56: Exhaust carbon concentration | V56: ppm | W56: =((AA18-$N21)+(AA19-$N22)+(AA20-$N23)/15/('General Information'!$C$22/0.008314/(AA21+273.15))) -> #DIV/0! | X56: CCc | AA56: =((AI18-$N21)+(AI19-$N22)+(AI20-$N23)/15/('General Information'!$C$22/0.008314/(AI21+273.15))) -> #DIV/0! | AB56: CCh | AE56: =((AP18-$N21)+(AP19-$N22)+(AP20-$N23)/15/('General Information'!$C$22/0.008314/(AP21+273.15))) -> #DIV/0! | AF56: CCs
U57: Total carbon in exhaust | V57: g/m3 | W57: ='General Information'!$C$22/0.008314/(AA21+273.15)*W56*0.000001*12 -> #DIV/0! | X57: Cc | AA57: ='General Information'!$C$22/0.008314/(AI21+273.15)*AA56*0.000001*12 -> #DIV/0! | AB57: Ch | AE57: ='General Information'!$C$22/0.008314/(AP21+273.15)*AE56*0.000001*12 -> #DIV/0! | AF57: Cs
U58: Fuel consumed est. (dry) | V58: g | W58: =W57*W55/fuelFracC -> #DIV/0! | X58: fce | AA58: =AA57*AA55/fuelFracC -> #DIV/0! | AB58: fhe | AE58: =AE57*AE55/fuelFracC -> #DIV/0! | AF58: fse
U59: Hood carbon balance | V59: % | W59: =W58/((1-$E$18)*(W28)-W29*charFracC/'General Information'!L23) -> #DIV/0! | X59: CBc | AA59: =AA58/((1-$E$18)*(AA28)-AA29*charFracC/'General Information'!L23) -> #DIV/0! | AB59: CBh | AE59: =AE58/((1-$E$18)*(AP28)-AP29*charFracC/'General Information'!L23) -> #DIV/0! | AF59: CBs
U60: Emission per water boiled
B61: Notes on the Low Power - Simmer Test | U61: CO2 | V61: g/liter | W61: =IF($W$42=3,AA22/W$32*1000,IF($W$42=1,W69/W$32*1000,W73/W$32*1000)) -> #DIV/0! | X61: ECO2,c | AA61: =IF($W$42=3,AI22/AA$32*1000,IF($W$42=1,AA69/AA$32*1000,AA73/AA$32*1000)) -> #DIV/0! | AB61: ECO2,h | AE61: =IF($W$42=3,AP22/AP$32*1000,IF($W$42=1,AE69/AP$32*1000,AE73/AP$32*1000)) -> #DIV/0! | AF61: ECO2,s
U62: CO | V62: g/liter | W62: =IF($W$42=3,AA23/W$32*1000,IF($W$42=1,W70/W$32*1000,W74/W$32*1000)) -> #DIV/0! | X62: ECO,c | AA62: =IF($W$42=3,AI23/AA$32*1000,IF($W$42=1,AA70/AA$32*1000,AA74/AA$32*1000)) -> #DIV/0! | AB62: ECO,h | AE62: =IF($W$42=3,AP23/AP$32*1000,IF($W$42=1,AE70/AP$32*1000,AE74/AP$32*1000)) -> #DIV/0! | AF62: ECO,s
U63: PM | V63: g/liter | W63: =IF($W$42=3,AA24/W$32*1000,IF($W$42=1,W71/W$32*1000,W75/W$32*1000)) -> #DIV/0! | X63: EPM,c | AA63: =IF($W$42=3,AI24/AA$32*1000,IF($W$42=1,AA71/AA$32*1000,AA75/AA$32*1000)) -> #DIV/0! | AB63: EPM,h | AE63: =IF($W$42=3,AP24/AP$32*1000,IF($W$42=1,AE71/AP$32*1000,AE75/AP$32*1000)) -> #DIV/0! | AF63: EPM,s
U64: Mass emission factors
U65: CO2 | V65: g/kgf | W65: =IF(W42=2,W73/(W28*(1-E18)-W29*charFracC/fuelFracC),IF(W56>0,((AA18-$N21)*44/12)/(W$56/fuelFracC)*1000,0)) -> #DIV/0! | X65: EFCO2,c | AA65: =IF(W42=2,AA73/(AA28*(1-E18)-AA29*charFracC/fuelFracC),IF(AA56>0,((AI18-$N21)*44/12)/(AA$56/fuelFracC)*1000,0)) -> #DIV/0! | AB65: EFCO2,h | AE65: =IF(W42=2,AE73/(AP28*(1-E18)-AP29*charFracC/fuelFracC),IF(AE56>0,((AP18-$N21)*44/12)/(AE$56/fuelFracC)*1000,0)) -> #DIV/0! | AF65: EFCO2,s
U66: CO | V66: g/kgf | W66: =IF(W42=2,W74/(W28*(1-E18)-W29*charFracC/fuelFracC),IF(W56>0,((AA19-$N22)*28/12)/(W$56/fuelFracC)*1000,0)) -> #DIV/0! | X66: EFCO,c | AA66: =IF(W42=2,AA74/(AA28*(1-E18)-AA29*charFracC/fuelFracC),IF(AA56>0,((AI19-$N22)*28/12)/(AA$56/fuelFracC)*1000,0)) -> #DIV/0! | AB66: EFCO,h | AE66: =IF(W42=2,AE74/(AP28*(1-E18)-AP29*charFracC/fuelFracC),IF(AE56>0,((AP19-$N22)*28/12)/(AE$56/fuelFracC)*1000,0)) -> #DIV/0! | AF66: EFCO,s
U67: PM | V67: g/kgf | W67: =IF(W42=2,W75/(W28*(1-E18)-W29*charFracC/fuelFracC),IF(W57>0,(AA20-$N23)/(W$57/fuelFracC)*1000/1000000,0)) -> #DIV/0! | X67: EFPM,c | AA67: =IF(W42=2,AA75/(AA28*(1-E18)-AA29*charFracC/fuelFracC),IF(AA57>0,(AI20-$N23)/(AA$57/fuelFracC)*1000/1000000,0)) -> #DIV/0! | AB67: EFPM,h | AE67: =IF(W42=2,AE75/(AP28*(1-E18)-AP29*charFracC/fuelFracC),IF(AE57>0,(AP20-$N23)/(AE$57/fuelFracC)*1000/1000000,0)) -> #DIV/0! | AF67: EFPM,s
U68: Total Emissions (carbon balance)
U69: CO2 | V69: g | W69: =W65*(W28*(1-$E$18)-W29*charFracC/fuelFracC)/1000 -> #DIV/0! | X69: mCO2,c | AA69: =AA65*(AA28*(1-$E$18)-AA29*charFracC/fuelFracC)/1000 -> #DIV/0! | AB69: mCO2,h | AE69: =AE65*(AP28*(1-$E$18)-AP29*charFracC/fuelFracC)/1000 -> #DIV/0! | AF69: mCO2,s
U70: CO | V70: g | W70: =W66*(W28*(1-$E$18)-W29*charFracC/fuelFracC)/1000 -> #DIV/0! | X70: mCO,c | AA70: =AA66*(AA28*(1-$E$18)-AA29*charFracC/fuelFracC)/1000 -> #DIV/0! | AB70: mCO,h | AE70: =AE66*(AP28*(1-$E$18)-AP29*charFracC/fuelFracC)/1000 -> #DIV/0! | AF70: mCO,s
U71: PM | V71: g | W71: =W67*(W28*(1-$E$18)-W29*charFracC/fuelFracC)/1000 -> #DIV/0! | X71: mPM,c | AA71: =AA67*(AA28*(1-$E$18)-AA29*charFracC/fuelFracC)/1000 -> #DIV/0! | AB71: mPM,h | AE71: =AE67*(AP28*(1-$E$18)-AP29*charFracC/fuelFracC)/1000 -> #DIV/0! | AF71: mPM,s
U72: Total Emissions (total capture)
U73: CO2 | V73: g | W73: =W55*(AA18-N21)*(44*'General Information'!C22)/(0.008314*(AA21+273.15))/1000000 -> 0 | X73: mCO2,c | AA73: =AA55*(AI18-N21)*(44*'General Information'!C22)/(0.008314*(AI21+273.15))/1000000 -> 0 | AB73: mCO2,h | AE73: =AE55*(AP18-N21)*(44*'General Information'!C22)/(0.008314*(AP21+273.15))/1000000 -> 0 | AF73: mCO2,s
U74: CO | V74: g | W74: =W55*(AA19-N22)*(28*'General Information'!C22)/(0.008314*(AA21+273.15))/1000000 -> 0 | X74: mCO,c | AA74: =AA55*(AI19-N22)*(28*'General Information'!C22)/(0.008314*(AI21+273.15))/1000000 -> 0 | AB74: mCO,h | AE74: =AE55*(AP19-N22)*(28*'General Information'!C22)/(0.008314*(AP21+273.15))/1000000 -> 0 | AF74: mCO,s
U75: PM | V75: g | W75: =W55*(AA20-N23)/1000000 -> 0 | X75: mPM,c | AA75: =AA55*(AI20-N23)/1000000 -> 0 | AB75: mPM,h | AE75: =AE55*(AP20-N23)/1000000 -> 0 | AF75: mPM,s
U76: Emission benchmarks:
U77: CO to Complete 5L WBT | V77: g | W77: =(IF(ISERROR(AA$38),W62,AVERAGE(W62,AA62))+AE62)*5 -> #DIV/0! | X77: BCO
U78: PM to Complete 5L WBT | V78: g | W78: =(IF(ISERROR(AA$38),W63,AVERAGE(W63,AA63))+AE63)*5 -> #DIV/0! | X78: BPM

Sheet Test-8
A2: ="WATER BOILING TEST - VERSION "&version&" - TEST #8" -> WATER BOILING TEST - VERSION 4.2.3 - TEST #8 | U2: ="TEST #8 "&D7 -> TEST #8 | W2: COLD START HIGH POWER | AE2: HOT START HIGH POWER (OPTIONAL) | AL2: SIMMER TEST
B3: DATA AND CALCULATION FORM (for one to four pots)* | W3: Start | AA3: Finish: when | AE3: Start | AI3: Finish: when | AL3: Start | AP3: Finish: 45 min
B4: Shaded cells and arrows require user input; unshaded cells automatically display outputs | AA4: Pot #1 boils | AI4: Pot #1 boils
B5: Qualitative data | U5: Measurements | V5: Units | W5: data | X5: label | AA5: data | AB5: label | AE5: data | AF5: label | AI5: data | AJ5: label | AL5: data | AM5: label | AP5: data | AQ5: label
B6: Name(s) of Tester(s) | M6: gray: efficiency | U6: Time (in 24 hour form) | V6: hr:min | X6: tci | AB6: tcf | AF6: thi | AJ6: thf | AM6: tsi | AQ6: tsf
B7: Test Number | M7: blue: emissions | U7: Weight of fuel | V7: g | X7: fci | AB7: fcf | AF7: fhi | AJ7: fhf | AM7: fsi | AQ7: fsf
B8: Date | M8: pink: error, missing input | U8: Water temperature, Pot # 1 | V8: ºC | X8: T1ci | AB8: T1cf | AF8: T1hi | AJ8: T1hf | AM8: T1si | AQ8: T1sf
B9: Location | D9: ='General Information'!C7 -> 0 | U9: Water temperature, Pot # 2 | V9: ºC | X9: T2ci | AB9: T2cf | AF9: T2hi | AJ9: T2hf | AM9: T2si | AQ9: T2sf
B10: Stove type/model | D10: ='General Information'!C10 -> 0 | U10: Water temperature, Pot # 3 | V10: ºC | X10: T3ci | AB10: T3cf | AF10: T3hi | AJ10: T3hf | AM10: T3si | AQ10: T3sf
B11: Type of fuel | D11: ='General Information'!J3 -> 0 | U11: Water temperature, Pot # 4 | V11: ºC | X11: T4ci | AB11: T4cf | AF11: T4hi | AJ11: T4hf | AM11: T4si | AQ11: T4sf
U12: Weight of Pot # 1 with water | V12: g | X12: P1ci | AB12: P1cf | AF12: P1hi | AJ12: P1hf | AM12: P1si | AQ12: P1sf
B13: Initial Test Conditions | U13: Weight of Pot # 2 with water | V13: g | X13: P2ci | AB13: P2cf | AF13: P2hi | AJ13: P2hf | AM13: P2si | AQ13: P2sf
B14: Data | E14: value | G14: units | I14: label | K14: Data | N14: value | P14: units | R14: label | U14: Weight of Pot # 3 with water | V14: g | X14: P3ci | AB14: P3cf | AF14: P3hi | AJ14: P3hf | AM14: P3si | AQ14: P3sf
B15: Air temperature | G15: ºC | K15: Dry weight of Pot # 1 (grams) | P15: g | R15: P1 | U15: Weight of Pot # 4 with water | V15: g | X15: P4ci | AB15: P4cf | AF15: P4hi | AJ15: P4hf | AM15: P4si | AQ15: P4sf
B16: Wind conditions | E16: 1 | K16: Dry weight of Pot # 2 (grams) | P16: g | R16: P2 | U16: Fire-starting materials (if any) | V16: --
B17: Fuel dimensions | K17: Dry weight of Pot # 3 (grams) | P17: g | R17: P3 | U17: Weight of charcoal+container | V17: g | AB17: cc | AI17: =AA17 -> 0 | AJ17: ch | AQ17: cs
B18: Fuel moisture content (wet basis) | G18: % | I18: MC | K18: Dry weight of Pot # 4 (grams) | P18: g | R18: P4 | U18: Average CO2 | V18: ppm | AB18: CO2c | AJ18: CO2h | AQ18: CO2s
B19: Gross calorific value (dry fuel) | E19: ='General Information'!L21 -> 0 | G19: kJ/kg | I19: HHV | K19: Weight of container for char (grams) | P19: g | R19: k | U19: Average CO | V19: ppm | Z19: 10 | AB19: COc | AJ19: COh | AQ19: COs
B20: Net calorific value (dry fuel) | E20: ='General Information'!L22 -> 0 | G20: kJ/kg | I20: LHV | K20: Local boiling point | N20: ='General Information'!C20 -> 0 | P20: ºC | R20: Tb | U20: Average PM | V20: ug/m3 | AB20: PMc | AJ20: PMh | AQ20: PMs
B21: Effective calorific value | K21: Background concentrations: CO2 | P21: ppm | R21: CO2,b | U21: Average Duct Temperature | V21: ºC | AB21: Tcd | AJ21: Thd | AQ21: Tsd
B22: (accounting for fuel moisture) | E22: =E20*(1-E18)-(E18*((N20-E15)*4.2+2260)) -> 0 | G22: kJ/kg | I22: EHV | M22: CO | P22: ppm | R22: CO,b | U22: Total CO2 (if available) | V22: g | AB22: mCO2,c | AJ22: mCO2,h | AQ22: mCO2,s
B23: Char calorific value | E23: ='General Information'!L11 -> 0 | G23: kJ/kg | M23: PM | P23: ug/m3 | R23: PM,b | U23: Total CO (if available) | V23: g | Z23: 10 | AB23: mCO,c | AJ23: mCO,h | AQ23: mCO,s
U24: Total PM (if available) | V24: g | AB24: mPM,c | AJ24: mPM,h | AQ24: mPM,s
B25: Notes about this test:
W26: COLD START | AA26: HOT START | AE26: SIMMER TEST (CALCULATIONS DIFFER FROM HIGH POWER TEST)
U27: Calculations/Results | V27: Units | W27: data | X27: label | AA27: data | AB27: label | AE27: Calculations/Results | AM27: Units | AP27: data | AQ27: label
U28: Fuel consumed (moist) | V28: g | W28: =W7-AA7 -> 0 | X28: fcm | AA28: =AE7-AI7 -> 0 | AB28: fhm | AE28: Fuel consumed during the simmer phase (moist) | AM28: g | AP28: =AL7-AP7 -> 0 | AQ28: fsm
U29: Net change in char during test | V29: g | W29: =AA17-$N$19 -> 0 | X29: Δcc | AA29: =IF(AA28=0,0,AI17-$N$19) -> 0 | AB29: Δch | AE29: Net change in char during test phase | AM29: g | AP29: =(AP17-$N$19)-W29 -> 0 | AQ29: Δcs
U30: Equivalent dry fuel consumed | V30: g | W30: =(W28*($E$20*(1-$E$18)-$E$18*(4.186*($N$20-$E$15)+2257))-W29*$E23)/$E$20 -> #DIV/0! | X30: fcd | AA30: =IF(AA28=0,0,(AA28*($E$20*(1-$E$18)-$E$18*(4.186*($N$20-$E$15)+2257))-AA29*$E23)/$E$20) -> 0 | AB30: fhd | AE30: Equivalent dry fuel consumed | AM30: g | AP30: =(AP28*($E$20*(1-$E$18)-$E$18*(4.186*($N$20-$E$15)+2257))-AP29*$E23)/$E$20 -> #DIV/0! | AQ30: fsd
U31: Water vaporized from all pots | V31: g | W31: =SUM(W12:W15)-SUM(AA12:AA15) -> 0 | X31: wcv | AA31: =SUM(AE12:AE15)-SUM(AI12:AI15) -> 0 | AB31: whv | AE31: Water vaporized | AM31: g | AP31: =(AL12-AP12)+(AL13-AP13)+(AL14-AP14)+(AL15-AP15) -> 0 | AQ31: wsv
U32: Effective mass of water boiled | V32: g | W32: =((AA12-$N15)*(AA8-W8)/($N$20-W8)+(AA13-$N16)*(AA9-W9)/($N$20-W9)+(AA14-$N17)*(AA10-W10)/($N$20-W10)+(AA15-$N18)*(AA11-W11)/($N$20-W11)) -> #DIV/0! | X32: wcr | AA32: =((AI12-$N15)*(AI8-AE8)/($N$20-AE8)+(AI13-$N16)*(AI9-AE9)/($N$20-AE9)+(AI14-$N17)*(AI10-AE10)/($N$20-AE10)+(AI15-$N18)*(AI11-AE11)/($N$20-AE11)) -> #DIV/0! | AB32: whr | AE32: Water remaining at end - All Pots | AM32: g | AP32: =(AP12-$N$15+((AP9-25)/(N20-25))*(AP13-N16)+((AP10-25)/(N20-25))*(AP14-N17)+((AP11-25)/(N20-25))*(AP15-N18)) -> 0 | AQ32: wsr
U33: Time to boil Pot # 1 | V33: min | W33: =(AA6-W6)*1440 -> 0 | X33: Δtc | AA33: =(AI6-AE6)*1440 -> 0 | AB33: Δth | AE33: Time of simmer (should be ~45 minutes) | AM33: min | AP33: =(AP6-AL6)*1440 -> 0 | AQ33: Δts
U34: Temp-corr time to boil Pot # 1 | V34: min | W34: =W33*75/(N20-W8) -> #DIV/0! | X34: ΔtTc | AA34: =AA33*75/(N20-AE8) -> #DIV/0! | AB34: ΔtTh | AE34: Thermal efficiency | AM34: % | AP34: =(4.186*((AL12-$N15+AP32)/2)*(AP8-AL8)+2260*AP31)/(AP30*$E$20) -> #DIV/0! | AQ34: hs
U35: Thermal efficiency | V35: % | W35: =(4.186*SUM((W12-$N15)*(AA8-W8),(W13-$N16)*(AA9-W9),(W14-$N17)*(AA10-W10),(W15-$N18)*(AA11-W11))+2260*W31)/(W30*$E20) -> #DIV/0! | X35: hc | AA35: =(4.186*SUM((AE12-$N15)*(AI8-AE8),(AE13-$N16)*(AI9-AE9),(AE14-$N17)*(AI10-AE10),(AE15-$N18)*(AI11-AE11))+2260*AA31)/(AA30*$E20) -> #DIV/0! | AB35: hh | AE35: Burning rate | AM35: g/min | AP35: =AP30/AP33 -> #DIV/0! | AQ35: rsb
B36: BASIC TEST DATA | U36: Burning rate | V36: g/min | W36: =W30/W33 -> #DIV/0! | X36: rcb | AA36: =AA30/AA33 -> #DIV/0! | AB36: rhb | AE36: Specific fuel consumption | AM36: g/liter remaining | AP36: =AP30/AP32*1000 -> #DIV/0! | AQ36: SCs
U37: Specific fuel consumption | V37: g/liter boiled | W37: =1000*W30/W32 -> #DIV/0! | X37: SCc | AA37: =1000*AA30/AA32 -> #DIV/0! | AB37: SCh | AE37: Firepower | AM37: watts | AP37: =AP30*$E$20/(AP33*60) -> #DIV/0! | AQ37: FPs
B38: ="TEST #8 "&D7 -> TEST #8 | U38: Temp-corr sp consumption | V38: g/liter | W38: =W37*75/($N$20-W8) -> #DIV/0! | X38: SCTc | AA38: =AA37*75/($N$20-AE8) -> #DIV/0! | AB38: SCTh | AE38: Turn down ratio | AM38: -- | AP38: =W40/AP37 -> #DIV/0! | AQ38: TDR
B39: Notes on the High Power - Cold Start Test. Add description only if it differs from "General Information" sheet | U39: Temp-corr sp energy consumpt. | V39: kJ/liter | W39: =(W38/1000)*E20 -> #DIV/0! | X39: SETC | AA39: =(AA38/1000)*E20 -> #DIV/0! | AB39: SETH | AE39: Specific Energy Consumption | AM39: kJ/liter | AP39: =(AP36/1000)*E20 -> #DIV/0! | AQ39: SES
U40: Firepower | V40: watts | W40: =W30*$E$20/(W33*60) -> #DIV/0! | X40: FPc | AA40: =AA30*$E$20/(AA33*60) -> #DIV/0! | AB40: FPh | AE40: Fuel Benchmark to Complete 5L WBT | AM40: g | AP40: =IF(ISERROR(AA38),5*(W38+AP36),5*(AVERAGE(W38,AA38)+AP36)) -> #DIV/0! | AQ40: BF
AE41: Energy Benchmark to Complete 5L WBT | AM41: kJ | AP41: =(AP40/1000)*E20 -> #DIV/0! | AQ41: BE
U42: Emissions Calculation Method: | W42: 1
U43: IWA PERFORMANCE METRICS | AE43: Data | AF43: Tier
U44: High Power Thermal Efficiency | AB44: % | AE44: =IF(AA33=0,W35,(W35+AA35)/2) -> #DIV/0! | AF44: =IF(AE44=0,"-",IF(AE44<Lists!E15,"0",IF(AE44<Lists!I15,1,IF(AE44<Lists!K15,2,IF(AE44<Lists!M15,3,4))))) -> #DIV/0!
U45: Low Power Specific Fuel Consumption | AB45: MJ/(min∙L) | AE45: =AP30*'General Information'!L22/(AP32*AP33*1000) -> #DIV/0! | AF45: =IF(AE45>Lists!E16,"0",IF(AE45>Lists!I16,1,IF(AE45>Lists!K16,2,IF(AE45>Lists!M16,3,4)))) -> #DIV/0!
U46: High Power CO | AB46: g/MJ | AE46: =IF(W42=3,IF(AA33=0,1000000/'General Information'!L22*AA23/(W35*W30),1000000/'General Information'!L22*(AA23/(W35*W30)+AI23/(AA35*AA30))/2),IF(W42=1,IF(AA33=0,1000000/'General Information'!L22*W70/(W35*W30),1000000/'General Information'!L22*(W70/(W35*W30)+AA70/(AA35*AA30))/2),IF(AA33=0,1000000/'General Information'!L22*W74/(W35*W30),1000000/'General Information'!L22*(W74/(W35*W30)+AA74/(AA35*AA30))/2))) -> #DIV/0! | AF46: =IF(AE46>Lists!E17,"0",IF(AE46>Lists!I17,1,IF(AE46>Lists!K17,2,IF(AE46>Lists!M17,3,4)))) -> #DIV/0!
U47: Low Power CO | AB47: g/(min∙L) | AE47: =IF(W42=3,AP23/(AP33*AP32)*1000,IF(W42=1,AE70/(AP33*AP32)*1000,AE74/(AP33*AP32)*1000)) -> #DIV/0! | AF47: =IF(AE47>Lists!E18,"0",IF(AE47>Lists!I18,1,IF(AE47>Lists!K18,2,IF(AE47>Lists!M18,3,4)))) -> #DIV/0!
U48: High Power PM | AB48: mg/MJ | AE48: =IF(W42=3,IF(AA33=0,10^9/'General Information'!L22*AA24/(W35*W30),10^9/'General Information'!L22*(AA24/(W35*W30)+AI24/(AA35*AA30))/2),IF(W42=1,IF(AA33=0,10^9/'General Information'!L22*W71/(W35*W30),10^9/'General Information'!L22*(W71/(W35*W30)+AA71/(AA35*AA30))/2),IF(AA33=0,10^9/'General Information'!L22*W75/(W35*W30),10^9/'General Information'!L22*(W75/(W35*W30)+AA75/(AA35*AA30))/2))) -> #DIV/0! | AF48: =IF(AE48>Lists!E19,"0",IF(AE48>Lists!I19,1,IF(AE48>Lists!K19,2,IF(AE48>Lists!M19,3,4)))) -> #DIV/0!
U49: Low Power PM | AB49: mg/(min∙L) | AE49: =IF(W42=3,AP24/(AP33*AP32)*1000000,IF(W42=1,AE71/(AP33*AP32)*1000000,AE75/(AP33*AP32)*1000000)) -> #DIV/0! | AF49: =IF(AE49>Lists!E20,"0",IF(AE49>Lists!I20,1,IF(AE49>Lists!K20,2,IF(AE49>Lists!M20,3,4)))) -> #DIV/0!
B50: Notes on the High Power - Hot Start Test | U50: Indoor CO Emissions | AB50: g/min | AE50: =IF(W42=3,IF(IF(AA33=0,AA23/W33,(AA23/W33+AI23/AA33)/2)<(AP23/AP33),AP23/AP33,IF(AA33=0,AA23/W33,(AA23/W33+AI23/AA33)/2)),IF(W42=1,IF(IF(AA33=0,W70/W33,(W70/W33+AA70/AA33)/2)<(AE70/AP33),AE70/AP33,IF(AA33=0,W70/W33,(W70/W33+AA70/AA33)/2)),IF(IF(AA33=0,W74/W33,(W74/W33+AA74/AA33)/2)<(AE74/AP33),AE74/AP33,IF(AA33=0,W74/W33,(W74/W33+AA74/AA33)/2)))) -> #DIV/0! | AF50: =IF(AE50>Lists!E21,"0",IF(AE50>Lists!I21,1,IF(AE50>Lists!K21,2,IF(AE50>Lists!M21,3,4)))) -> #DIV/0!
U51: Indoor PM Emissions | AB51: mg/min | AE51: =IF(W42=3,IF(IF(AA33=0,AA24/W33,(AA24/W33+AI24/AA33)/2)<(AP24/AP33),AP24/AP33*1000,IF(AA33=0,AA24/W33,(AA24/W33+AI24/AA33)/2)*1000),IF(W42=1,IF(IF(AA33=0,W71/W33,(W71/W33+AA71/AA33)/2)<(AE71/AP33),AE71/AP33*1000,IF(AA33=0,W71/W33,(W71/W33+AA71/AA33)/2)*1000),IF(IF(AA33=0,W75/W33,(W75/W33+AA75/AA33)/2)<(AE75/AP33),AE75/AP33*1000,IF(AA33=0,W75/W33,(W75/W33+AA75/AA33)/2)*1000))) -> #DIV/0! | AF51: =IF(AE51>Lists!E22,"0",IF(AE51>Lists!I22,1,IF(AE51>Lists!K22,2,IF(AE51>Lists!M22,3,4)))) -> #DIV/0!
U52: ="TEST #8 "&D7 -> TEST #8 | V52: Emission Report
W53: COLD START | AA53: HOT START | AE53: SIMMER TEST
U54: Calculations/Results | V54: Units | W54: data | X54: label | AA54: data | AB54: label | AE54: data | AF54: label
U55: Total exhaust flow | V55: m3 | W55: ='General Information'!$C$24*W33/60 -> 0 | X55: Vc | AA55: ='General Information'!$C$24*AA33/60 -> 0 | AB55: Vh | AE55: ='General Information'!$C$24*AP33/60 -> 0 | AF55: Vs
U56: Exhaust carbon concentration | V56: ppm | W56: =((AA18-$N21)+(AA19-$N22)+(AA20-$N23)/15/('General Information'!$C$22/0.008314/(AA21+273.15))) -> #DIV/0! | X56: CCc | AA56: =((AI18-$N21)+(AI19-$N22)+(AI20-$N23)/15/('General Information'!$C$22/0.008314/(AI21+273.15))) -> #DIV/0! | AB56: CCh | AE56: =((AP18-$N21)+(AP19-$N22)+(AP20-$N23)/15/('General Information'!$C$22/0.008314/(AP21+273.15))) -> #DIV/0! | AF56: CCs
U57: Total carbon in exhaust | V57: g/m3 | W57: ='General Information'!$C$22/0.008314/(AA21+273.15)*W56*0.000001*12 -> #DIV/0! | X57: Cc | AA57: ='General Information'!$C$22/0.008314/(AI21+273.15)*AA56*0.000001*12 -> #DIV/0! | AB57: Ch | AE57: ='General Information'!$C$22/0.008314/(AP21+273.15)*AE56*0.000001*12 -> #DIV/0! | AF57: Cs
U58: Fuel consumed est. (dry) | V58: g | W58: =W57*W55/fuelFracC -> #DIV/0! | X58: fce | AA58: =AA57*AA55/fuelFracC -> #DIV/0! | AB58: fhe | AE58: =AE57*AE55/fuelFracC -> #DIV/0! | AF58: fse
U59: Hood carbon balance | V59: % | W59: =W58/((1-$E$18)*(W28)-W29*charFracC/'General Information'!L23) -> #DIV/0! | X59: CBc | AA59: =AA58/((1-$E$18)*(AA28)-AA29*charFracC/'General Information'!L23) -> #DIV/0! | AB59: CBh | AE59: =AE58/((1-$E$18)*(AP28)-AP29*charFracC/'General Information'!L23) -> #DIV/0! | AF59: CBs
U60: Emission per water boiled
B61: Notes on the Low Power - Simmer Test | U61: CO2 | V61: g/liter | W61: =IF($W$42=3,AA22/W$32*1000,IF($W$42=1,W69/W$32*1000,W73/W$32*1000)) -> #DIV/0! | X61: ECO2,c | AA61: =IF($W$42=3,AI22/AA$32*1000,IF($W$42=1,AA69/AA$32*1000,AA73/AA$32*1000)) -> #DIV/0! | AB61: ECO2,h | AE61: =IF($W$42=3,AP22/AP$32*1000,IF($W$42=1,AE69/AP$32*1000,AE73/AP$32*1000)) -> #DIV/0! | AF61: ECO2,s
U62: CO | V62: g/liter | W62: =IF($W$42=3,AA23/W$32*1000,IF($W$42=1,W70/W$32*1000,W74/W$32*1000)) -> #DIV/0! | X62: ECO,c | AA62: =IF($W$42=3,AI23/AA$32*1000,IF($W$42=1,AA70/AA$32*1000,AA74/AA$32*1000)) -> #DIV/0! | AB62: ECO,h | AE62: =IF($W$42=3,AP23/AP$32*1000,IF($W$42=1,AE70/AP$32*1000,AE74/AP$32*1000)) -> #DIV/0! | AF62: ECO,s
U63: PM | V63: g/liter | W63: =IF($W$42=3,AA24/W$32*1000,IF($W$42=1,W71/W$32*1000,W75/W$32*1000)) -> #DIV/0! | X63: EPM,c | AA63: =IF($W$42=3,AI24/AA$32*1000,IF($W$42=1,AA71/AA$32*1000,AA75/AA$32*1000)) -> #DIV/0! | AB63: EPM,h | AE63: =IF($W$42=3,AP24/AP$32*1000,IF($W$42=1,AE71/AP$32*1000,AE75/AP$32*1000)) -> #DIV/0! | AF63: EPM,s
U64: Mass emission factors
U65: CO2 | V65: g/kgf | W65: =IF(W42=2,W73/(W28*(1-E18)-W29*charFracC/fuelFracC),IF(W56>0,((AA18-$N21)*44/12)/(W$56/fuelFracC)*1000,0)) -> #DIV/0! | X65: EFCO2,c | AA65: =IF(W42=2,AA73/(AA28*(1-E18)-AA29*charFracC/fuelFracC),IF(AA56>0,((AI18-$N21)*44/12)/(AA$56/fuelFracC)*1000,0)) -> #DIV/0! | AB65: EFCO2,h | AE65: =IF(W42=2,AE73/(AP28*(1-E18)-AP29*charFracC/fuelFracC),IF(AE56>0,((AP18-$N21)*44/12)/(AE$56/fuelFracC)*1000,0)) -> #DIV/0! | AF65: EFCO2,s
U66: CO | V66: g/kgf | W66: =IF(W42=2,W74/(W28*(1-E18)-W29*charFracC/fuelFracC),IF(W56>0,((AA19-$N22)*28/12)/(W$56/fuelFracC)*1000,0)) -> #DIV/0! | X66: EFCO,c | AA66: =IF(W42=2,AA74/(AA28*(1-E18)-AA29*charFracC/fuelFracC),IF(AA56>0,((AI19-$N22)*28/12)/(AA$56/fuelFracC)*1000,0)) -> #DIV/0! | AB66: EFCO,h | AE66: =IF(W42=2,AE74/(AP28*(1-E18)-AP29*charFracC/fuelFracC),IF(AE56>0,((AP19-$N22)*28/12)/(AE$56/fuelFracC)*1000,0)) -> #DIV/0! | AF66: EFCO,s
U67: PM | V67: g/kgf | W67: =IF(W42=2,W75/(W28*(1-E18)-W29*charFracC/fuelFracC),IF(W57>0,(AA20-$N23)/(W$57/fuelFracC)*1000/1000000,0)) -> #DIV/0! | X67: EFPM,c | AA67: =IF(W42=2,AA75/(AA28*(1-E18)-AA29*charFracC/fuelFracC),IF(AA57>0,(AI20-$N23)/(AA$57/fuelFracC)*1000/1000000,0)) -> #DIV/0! | AB67: EFPM,h | AE67: =IF(W42=2,AE75/(AP28*(1-E18)-AP29*charFracC/fuelFracC),IF(AE57>0,(AP20-$N23)/(AE$57/fuelFracC)*1000/1000000,0)) -> #DIV/0! | AF67: EFPM,s
U68: Total Emissions (carbon balance)
U69: CO2 | V69: g | W69: =W65*(W28*(1-$E$18)-W29*charFracC/fuelFracC)/1000 -> #DIV/0! | X69: mCO2,c | AA69: =AA65*(AA28*(1-$E$18)-AA29*charFracC/fuelFracC)/1000 -> #DIV/0! | AB69: mCO2,h | AE69: =AE65*(AP28*(1-$E$18)-AP29*charFracC/fuelFracC)/1000 -> #DIV/0! | AF69: mCO2,s
U70: CO | V70: g | W70: =W66*(W28*(1-$E$18)-W29*charFracC/fuelFracC)/1000 -> #DIV/0! | X70: mCO,c | AA70: =AA66*(AA28*(1-$E$18)-AA29*charFracC/fuelFracC)/1000 -> #DIV/0! | AB70: mCO,h | AE70: =AE66*(AP28*(1-$E$18)-AP29*charFracC/fuelFracC)/1000 -> #DIV/0! | AF70: mCO,s
U71: PM | V71: g | W71: =W67*(W28*(1-$E$18)-W29*charFracC/fuelFracC)/1000 -> #DIV/0! | X71: mPM,c | AA71: =AA67*(AA28*(1-$E$18)-AA29*charFracC/fuelFracC)/1000 -> #DIV/0! | AB71: mPM,h | AE71: =AE67*(AP28*(1-$E$18)-AP29*charFracC/fuelFracC)/1000 -> #DIV/0! | AF71: mPM,s
U72: Total Emissions (total capture)
U73: CO2 | V73: g | W73: =W55*(AA18-N21)*(44*'General Information'!C22)/(0.008314*(AA21+273.15))/1000000 -> 0 | X73: mCO2,c | AA73: =AA55*(AI18-N21)*(44*'General Information'!C22)/(0.008314*(AI21+273.15))/1000000 -> 0 | AB73: mCO2,h | AE73: =AE55*(AP18-N21)*(44*'General Information'!C22)/(0.008314*(AP21+273.15))/1000000 -> 0 | AF73: mCO2,s
U74: CO | V74: g | W74: =W55*(AA19-N22)*(28*'General Information'!C22)/(0.008314*(AA21+273.15))/1000000 -> 0 | X74: mCO,c | AA74: =AA55*(AI19-N22)*(28*'General Information'!C22)/(0.008314*(AI21+273.15))/1000000 -> 0 | AB74: mCO,h | AE74: =AE55*(AP19-N22)*(28*'General Information'!C22)/(0.008314*(AP21+273.15))/1000000 -> 0 | AF74: mCO,s
U75: PM | V75: g | W75: =W55*(AA20-N23)/1000000 -> 0 | X75: mPM,c | AA75: =AA55*(AI20-N23)/1000000 -> 0 | AB75: mPM,h | AE75: =AE55*(AP20-N23)/1000000 -> 0 | AF75: mPM,s
U76: Emission benchmarks:
U77: CO to Complete 5L WBT | V77: g | W77: =(IF(ISERROR(AA$38),W62,AVERAGE(W62,AA62))+AE62)*5 -> #DIV/0! | X77: BCO
U78: PM to Complete 5L WBT | V78: g | W78: =(IF(ISERROR(AA$38),W63,AVERAGE(W63,AA63))+AE63)*5 -> #DIV/0! | X78: BPM

Sheet Test-9
A2: ="WATER BOILING TEST - VERSION "&version&" - TEST #9" -> WATER BOILING TEST - VERSION 4.2.3 - TEST #9 | U2: ="TEST #9 "&D7 -> TEST #9 | W2: COLD START HIGH POWER | AE2: HOT START HIGH POWER (OPTIONAL) | AL2: SIMMER TEST
B3: DATA AND CALCULATION FORM (for one to four pots)* | W3: Start | AA3: Finish: when | AE3: Start | AI3: Finish: when | AL3: Start | AP3: Finish: 45 min
B4: Shaded cells and arrows require user input; unshaded cells automatically display outputs | AA4: Pot #1 boils | AI4: Pot #1 boils
B5: Qualitative data | U5: Measurements | V5: Units | W5: data | X5: label | AA5: data | AB5: label | AE5: data | AF5: label | AI5: data | AJ5: label | AL5: data | AM5: label | AP5: data | AQ5: label
B6: Name(s) of Tester(s) | M6: gray: efficiency | U6: Time (in 24 hour form) | V6: hr:min | X6: tci | AB6: tcf | AF6: thi | AJ6: thf | AM6: tsi | AQ6: tsf
B7: Test Number | M7: blue: emissions | U7: Weight of fuel | V7: g | X7: fci | AB7: fcf | AF7: fhi | AJ7: fhf | AM7: fsi | AQ7: fsf
B8: Date | M8: pink: error, missing input | U8: Water temperature, Pot # 1 | V8: ºC | X8: T1ci | AB8: T1cf | AF8: T1hi | AJ8: T1hf | AM8: T1si | AQ8: T1sf
B9: Location | D9: ='General Information'!C7 -> 0 | U9: Water temperature, Pot # 2 | V9: ºC | X9: T2ci | AB9: T2cf | AF9: T2hi | AJ9: T2hf | AM9: T2si | AQ9: T2sf
B10: Stove type/model | D10: ='General Information'!C10 -> 0 | U10: Water temperature, Pot # 3 | V10: ºC | X10: T3ci | AB10: T3cf | AF10: T3hi | AJ10: T3hf | AM10: T3si | AQ10: T3sf
B11: Type of fuel | D11: ='General Information'!J3 -> 0 | U11: Water temperature, Pot # 4 | V11: ºC | X11: T4ci | AB11: T4cf | AF11: T4hi | AJ11: T4hf | AM11: T4si | AQ11: T4sf
U12: Weight of Pot # 1 with water | V12: g | X12: P1ci | AB12: P1cf | AF12: P1hi | AJ12: P1hf | AM12: P1si | AQ12: P1sf
B13: Initial Test Conditions | U13: Weight of Pot # 2 with water | V13: g | X13: P2ci | AB13: P2cf | AF13: P2hi | AJ13: P2hf | AM13: P2si | AQ13: P2sf
B14: Data | E14: value | G14: units | I14: label | K14: Data | N14: value | P14: units | R14: label | U14: Weight of Pot # 3 with water | V14: g | X14: P3ci | AB14: P3cf | AF14: P3hi | AJ14: P3hf | AM14: P3si | AQ14: P3sf
B15: Air temperature | G15: ºC | K15: Dry weight of Pot # 1 (grams) | P15: g | R15: P1 | U15: Weight of Pot # 4 with water | V15: g | X15: P4ci | AB15: P4cf | AF15: P4hi | AJ15: P4hf | AM15: P4si | AQ15: P4sf
B16: Wind conditions | E16: 1 | K16: Dry weight of Pot # 2 (grams) | P16: g | R16: P2 | U16: Fire-starting materials (if any) | V16: --
B17: Fuel dimensions | K17: Dry weight of Pot # 3 (grams) | P17: g | R17: P3 | U17: Weight of charcoal+container | V17: g | AB17: cc | AI17: =AA17 -> 0 | AJ17: ch | AQ17: cs
B18: Fuel moisture content (wet basis) | G18: % | I18: MC | K18: Dry weight of Pot # 4 (grams) | P18: g | R18: P4 | U18: Average CO2 | V18: ppm | AB18: CO2c | AJ18: CO2h | AQ18: CO2s
B19: Gross calorific value (dry fuel) | E19: ='General Information'!L21 -> 0 | G19: kJ/kg | I19: HHV | K19: Weight of container for char (grams) | P19: g | R19: k | U19: Average CO | V19: ppm | Z19: 10 | AB19: COc | AJ19: COh | AQ19: COs
B20: Net calorific value (dry fuel) | E20: ='General Information'!L22 -> 0 | G20: kJ/kg | I20: LHV | K20: Local boiling point | N20: ='General Information'!C20 -> 0 | P20: ºC | R20: Tb | U20: Average PM | V20: ug/m3 | AB20: PMc | AJ20: PMh | AQ20: PMs
B21: Effective calorific value | K21: Background concentrations: CO2 | P21: ppm | R21: CO2,b | U21: Average Duct Temperature | V21: ºC | AB21: Tcd | AJ21: Thd | AQ21: Tsd
B22: (accounting for fuel moisture) | E22: =E20*(1-E18)-(E18*((N20-E15)*4.2+2260)) -> 0 | G22: kJ/kg | I22: EHV | M22: CO | P22: ppm | R22: CO,b | U22: Total CO2 (if available) | V22: g | AB22: mCO2,c | AJ22: mCO2,h | AQ22: mCO2,s
B23: Char calorific value | E23: ='General Information'!L11 -> 0 | G23: kJ/kg | M23: PM | P23: ug/m3 | R23: PM,b | U23: Total CO (if available) | V23: g | Z23: 10 | AB23: mCO,c | AJ23: mCO,h | AQ23: mCO,s
U24: Total PM (if available) | V24: g | AB24: mPM,c | AJ24: mPM,h | AQ24: mPM,s
B25: Notes about this test:
W26: COLD START | AA26: HOT START | AE26: SIMMER TEST (CALCULATIONS DIFFER FROM HIGH POWER TEST)
U27: Calculations/Results | V27: Units | W27: data | X27: label | AA27: data | AB27: label | AE27: Calculations/Results | AM27: Units | AP27: data | AQ27: label
U28: Fuel consumed (moist) | V28: g | W28: =W7-AA7 -> 0 | X28: fcm | AA28: =AE7-AI7 -> 0 | AB28: fhm | AE28: Fuel consumed during the simmer phase (moist) | AM28: g | AP28: =AL7-AP7 -> 0 | AQ28: fsm
U29: Net change in char during test | V29: g | W29: =AA17-$N$19 -> 0 | X29: Δcc | AA29: =IF(AA28=0,0,AI17-$N$19) -> 0 | AB29: Δch | AE29: Net change in char during test phase | AM29: g | AP29: =(AP17-$N$19)-W29 -> 0 | AQ29: Δcs
U30: Equivalent dry fuel consumed | V30: g | W30: =(W28*($E$20*(1-$E$18)-$E$18*(4.186*($N$20-$E$15)+2257))-W29*$E23)/$E$20 -> #DIV/0! | X30: fcd | AA30: =IF(AA28=0,0,(AA28*($E$20*(1-$E$18)-$E$18*(4.186*($N$20-$E$15)+2257))-AA29*$E23)/$E$20) -> 0 | AB30: fhd | AE30: Equivalent dry fuel consumed | AM30: g | AP30: =(AP28*($E$20*(1-$E$18)-$E$18*(4.186*($N$20-$E$15)+2257))-AP29*$E23)/$E$20 -> #DIV/0! | AQ30: fsd
U31: Water vaporized from all pots | V31: g | W31: =SUM(W12:W15)-SUM(AA12:AA15) -> 0 | X31: wcv | AA31: =SUM(AE12:AE15)-SUM(AI12:AI15) -> 0 | AB31: whv | AE31: Water vaporized | AM31: g | AP31: =(AL12-AP12)+(AL13-AP13)+(AL14-AP14)+(AL15-AP15) -> 0 | AQ31: wsv
U32: Effective mass of water boiled | V32: g | W32: =((AA12-$N15)*(AA8-W8)/($N$20-W8)+(AA13-$N16)*(AA9-W9)/($N$20-W9)+(AA14-$N17)*(AA10-W10)/($N$20-W10)+(AA15-$N18)*(AA11-W11)/($N$20-W11)) -> #DIV/0! | X32: wcr | AA32: =((AI12-$N15)*(AI8-AE8)/($N$20-AE8)+(AI13-$N16)*(AI9-AE9)/($N$20-AE9)+(AI14-$N17)*(AI10-AE10)/($N$20-AE10)+(AI15-$N18)*(AI11-AE11)/($N$20-AE11)) -> #DIV/0! | AB32: whr | AE32: Water remaining at end - All Pots | AM32: g | AP32: =(AP12-$N$15+((AP9-25)/(N20-25))*(AP13-N16)+((AP10-25)/(N20-25))*(AP14-N17)+((AP11-25)/(N20-25))*(AP15-N18)) -> 0 | AQ32: wsr
U33: Time to boil Pot # 1 | V33: min | W33: =(AA6-W6)*1440 -> 0 | X33: Δtc | AA33: =(AI6-AE6)*1440 -> 0 | AB33: Δth | AE33: Time of simmer (should be ~45 minutes) | AM33: min | AP33: =(AP6-AL6)*1440 -> 0 | AQ33: Δts
U34: Temp-corr time to boil Pot # 1 | V34: min | W34: =W33*75/(N20-W8) -> #DIV/0! | X34: ΔtTc | AA34: =AA33*75/(N20-AE8) -> #DIV/0! | AB34: ΔtTh | AE34: Thermal efficiency | AM34: % | AP34: =(4.186*((AL12-$N15+AP32)/2)*(AP8-AL8)+2260*AP31)/(AP30*$E$20) -> #DIV/0! | AQ34: hs
U35: Thermal efficiency | V35: % | W35: =(4.186*SUM((W12-$N15)*(AA8-W8),(W13-$N16)*(AA9-W9),(W14-$N17)*(AA10-W10),(W15-$N18)*(AA11-W11))+2260*W31)/(W30*$E20) -> #DIV/0! | X35: hc | AA35: =(4.186*SUM((AE12-$N15)*(AI8-AE8),(AE13-$N16)*(AI9-AE9),(AE14-$N17)*(AI10-AE10),(AE15-$N18)*(AI11-AE11))+2260*AA31)/(AA30*$E20) -> #DIV/0! | AB35: hh | AE35: Burning rate | AM35: g/min | AP35: =AP30/AP33 -> #DIV/0! | AQ35: rsb
B36: BASIC TEST DATA | U36: Burning rate | V36: g/min | W36: =W30/W33 -> #DIV/0! | X36: rcb | AA36: =AA30/AA33 -> #DIV/0! | AB36: rhb | AE36: Specific fuel consumption | AM36: g/liter remaining | AP36: =AP30/AP32*1000 -> #DIV/0! | AQ36: SCs
U37: Specific fuel consumption | V37: g/liter boiled | W37: =1000*W30/W32 -> #DIV/0! | X37: SCc | AA37: =1000*AA30/AA32 -> #DIV/0! | AB37: SCh | AE37: Firepower | AM37: watts | AP37: =AP30*$E$20/(AP33*60) -> #DIV/0! | AQ37: FPs
B38: ="TEST #9 "&D7 -> TEST #9 | U38: Temp-corr sp consumption | V38: g/liter | W38: =W37*75/($N$20-W8) -> #DIV/0! | X38: SCTc | AA38: =AA37*75/($N$20-AE8) -> #DIV/0! | AB38: SCTh | AE38: Turn down ratio | AM38: -- | AP38: =W40/AP37 -> #DIV/0! | AQ38: TDR
B39: Notes on the High Power - Cold Start Test. Add description only if it differs from "General Information" sheet | U39: Temp-corr sp energy consumpt. | V39: kJ/liter | W39: =(W38/1000)*E20 -> #DIV/0! | X39: SETC | AA39: =(AA38/1000)*E20 -> #DIV/0! | AB39: SETH | AE39: Specific Energy Consumption | AM39: kJ/liter | AP39: =(AP36/1000)*E20 -> #DIV/0! | AQ39: SES
U40: Firepower | V40: watts | W40: =W30*$E$20/(W33*60) -> #DIV/0! | X40: FPc | AA40: =AA30*$E$20/(AA33*60) -> #DIV/0! | AB40: FPh | AE40: Fuel Benchmark to Complete 5L WBT | AM40: g | AP40: =IF(ISERROR(AA38),5*(W38+AP36),5*(AVERAGE(W38,AA38)+AP36)) -> #DIV/0! | AQ40: BF
AE41: Energy Benchmark to Complete 5L WBT | AM41: kJ | AP41: =(AP40/1000)*E20 -> #DIV/0! | AQ41: BE
U42: Emissions Calculation Method: | W42: 1
U43: IWA PERFORMANCE METRICS | AE43: Data | AF43: Tier
U44: High Power Thermal Efficiency | AB44: % | AE44: =IF(AA33=0,W35,(W35+AA35)/2) -> #DIV/0! | AF44: =IF(AE44=0,"-",IF(AE44<Lists!E15,"0",IF(AE44<Lists!I15,1,IF(AE44<Lists!K15,2,IF(AE44<Lists!M15,3,4))))) -> #DIV/0!
U45: Low Power Specific Fuel Consumption | AB45: MJ/(min∙L) | AE45: =AP30*'General Information'!L22/(AP32*AP33*1000) -> #DIV/0! | AF45: =IF(AE45>Lists!E16,"0",IF(AE45>Lists!I16,1,IF(AE45>Lists!K16,2,IF(AE45>Lists!M16,3,4)))) -> #DIV/0!
U46: High Power CO | AB46: g/MJ | AE46: =IF(W42=3,IF(AA33=0,1000000/'General Information'!L22*AA23/(W35*W30),1000000/'General Information'!L22*(AA23/(W35*W30)+AI23/(AA35*AA30))/2),IF(W42=1,IF(AA33=0,1000000/'General Information'!L22*W70/(W35*W30),1000000/'General Information'!L22*(W70/(W35*W30)+AA70/(AA35*AA30))/2),IF(AA33=0,1000000/'General Information'!L22*W74/(W35*W30),1000000/'General Information'!L22*(W74/(W35*W30)+AA74/(AA35*AA30))/2))) -> #DIV/0! | AF46: =IF(AE46>Lists!E17,"0",IF(AE46>Lists!I17,1,IF(AE46>Lists!K17,2,IF(AE46>Lists!M17,3,4)))) -> #DIV/0!
U47: Low Power CO | AB47: g/(min∙L) | AE47: =IF(W42=3,AP23/(AP33*AP32)*1000,IF(W42=1,AE70/(AP33*AP32)*1000,AE74/(AP33*AP32)*1000)) -> #DIV/0! | AF47: =IF(AE47>Lists!E18,"0",IF(AE47>Lists!I18,1,IF(AE47>Lists!K18,2,IF(AE47>Lists!M18,3,4)))) -> #DIV/0!
U48: High Power PM | AB48: mg/MJ | AE48: =IF(W42=3,IF(AA33=0,10^9/'General Information'!L22*AA24/(W35*W30),10^9/'General Information'!L22*(AA24/(W35*W30)+AI24/(AA35*AA30))/2),IF(W42=1,IF(AA33=0,10^9/'General Information'!L22*W71/(W35*W30),10^9/'General Information'!L22*(W71/(W35*W30)+AA71/(AA35*AA30))/2),IF(AA33=0,10^9/'General Information'!L22*W75/(W35*W30),10^9/'General Information'!L22*(W75/(W35*W30)+AA75/(AA35*AA30))/2))) -> #DIV/0! | AF48: =IF(AE48>Lists!E19,"0",IF(AE48>Lists!I19,1,IF(AE48>Lists!K19,2,IF(AE48>Lists!M19,3,4)))) -> #DIV/0!
U49: Low Power PM | AB49: mg/(min∙L) | AE49: =IF(W42=3,AP24/(AP33*AP32)*1000000,IF(W42=1,AE71/(AP33*AP32)*1000000,AE75/(AP33*AP32)*1000000)) -> #DIV/0! | AF49: =IF(AE49>Lists!E20,"0",IF(AE49>Lists!I20,1,IF(AE49>Lists!K20,2,IF(AE49>Lists!M20,3,4)))) -> #DIV/0!
B50: Notes on the High Power - Hot Start Test | U50: Indoor CO Emissions | AB50: g/min | AE50: =IF(W42=3,IF(IF(AA33=0,AA23/W33,(AA23/W33+AI23/AA33)/2)<(AP23/AP33),AP23/AP33,IF(AA33=0,AA23/W33,(AA23/W33+AI23/AA33)/2)),IF(W42=1,IF(IF(AA33=0,W70/W33,(W70/W33+AA70/AA33)/2)<(AE70/AP33),AE70/AP33,IF(AA33=0,W70/W33,(W70/W33+AA70/AA33)/2)),IF(IF(AA33=0,W74/W33,(W74/W33+AA74/AA33)/2)<(AE74/AP33),AE74/AP33,IF(AA33=0,W74/W33,(W74/W33+AA74/AA33)/2)))) -> #DIV/0! | AF50: =IF(AE50>Lists!E21,"0",IF(AE50>Lists!I21,1,IF(AE50>Lists!K21,2,IF(AE50>Lists!M21,3,4)))) -> #DIV/0!
U51: Indoor PM Emissions | AB51: mg/min | AE51: =IF(W42=3,IF(IF(AA33=0,AA24/W33,(AA24/W33+AI24/AA33)/2)<(AP24/AP33),AP24/AP33*1000,IF(AA33=0,AA24/W33,(AA24/W33+AI24/AA33)/2)*1000),IF(W42=1,IF(IF(AA33=0,W71/W33,(W71/W33+AA71/AA33)/2)<(AE71/AP33),AE71/AP33*1000,IF(AA33=0,W71/W33,(W71/W33+AA71/AA33)/2)*1000),IF(IF(AA33=0,W75/W33,(W75/W33+AA75/AA33)/2)<(AE75/AP33),AE75/AP33*1000,IF(AA33=0,W75/W33,(W75/W33+AA75/AA33)/2)*1000))) -> #DIV/0! | AF51: =IF(AE51>Lists!E22,"0",IF(AE51>Lists!I22,1,IF(AE51>Lists!K22,2,IF(AE51>Lists!M22,3,4)))) -> #DIV/0!
U52: ="TEST #9 "&D7 -> TEST #9 | V52: Emission Report
W53: COLD START | AA53: HOT START | AE53: SIMMER TEST
U54: Calculations/Results | V54: Units | W54: data | X54: label | AA54: data | AB54: label | AE54: data | AF54: label
U55: Total exhaust flow | V55: m3 | W55: ='General Information'!$C$24*W33/60 -> 0 | X55: Vc | AA55: ='General Information'!$C$24*AA33/60 -> 0 | AB55: Vh | AE55: ='General Information'!$C$24*AP33/60 -> 0 | AF55: Vs
U56: Exhaust carbon concentration | V56: ppm | W56: =((AA18-$N21)+(AA19-$N22)+(AA20-$N23)/15/('General Information'!$C$22/0.008314/(AA21+273.15))) -> #DIV/0! | X56: CCc | AA56: =((AI18-$N21)+(AI19-$N22)+(AI20-$N23)/15/('General Information'!$C$22/0.008314/(AI21+273.15))) -> #DIV/0! | AB56: CCh | AE56: =((AP18-$N21)+(AP19-$N22)+(AP20-$N23)/15/('General Information'!$C$22/0.008314/(AP21+273.15))) -> #DIV/0! | AF56: CCs
U57: Total carbon in exhaust | V57: g/m3 | W57: ='General Information'!$C$22/0.008314/(AA21+273.15)*W56*0.000001*12 -> #DIV/0! | X57: Cc | AA57: ='General Information'!$C$22/0.008314/(AI21+273.15)*AA56*0.000001*12 -> #DIV/0! | AB57: Ch | AE57: ='General Information'!$C$22/0.008314/(AP21+273.15)*AE56*0.000001*12 -> #DIV/0! | AF57: Cs
U58: Fuel consumed est. (dry) | V58: g | W58: =W57*W55/fuelFracC -> #DIV/0! | X58: fce | AA58: =AA57*AA55/fuelFracC -> #DIV/0! | AB58: fhe | AE58: =AE57*AE55/fuelFracC -> #DIV/0! | AF58: fse
U59: Hood carbon balance | V59: % | W59: =W58/((1-$E$18)*(W28)-W29*charFracC/'General Information'!L23) -> #DIV/0! | X59: CBc | AA59: =AA58/((1-$E$18)*(AA28)-AA29*charFracC/'General Information'!L23) -> #DIV/0! | AB59: CBh | AE59: =AE58/((1-$E$18)*(AP28)-AP29*charFracC/'General Information'!L23) -> #DIV/0! | AF59: CBs
U60: Emission per water boiled
B61: Notes on the Low Power - Simmer Test | U61: CO2 | V61: g/liter | W61: =IF($W$42=3,AA22/W$32*1000,IF($W$42=1,W69/W$32*1000,W73/W$32*1000)) -> #DIV/0! | X61: ECO2,c | AA61: =IF($W$42=3,AI22/AA$32*1000,IF($W$42=1,AA69/AA$32*1000,AA73/AA$32*1000)) -> #DIV/0! | AB61: ECO2,h | AE61: =IF($W$42=3,AP22/AP$32*1000,IF($W$42=1,AE69/AP$32*1000,AE73/AP$32*1000)) -> #DIV/0! | AF61: ECO2,s
U62: CO | V62: g/liter | W62: =IF($W$42=3,AA23/W$32*1000,IF($W$42=1,W70/W$32*1000,W74/W$32*1000)) -> #DIV/0! | X62: ECO,c | AA62: =IF($W$42=3,AI23/AA$32*1000,IF($W$42=1,AA70/AA$32*1000,AA74/AA$32*1000)) -> #DIV/0! | AB62: ECO,h | AE62: =IF($W$42=3,AP23/AP$32*1000,IF($W$42=1,AE70/AP$32*1000,AE74/AP$32*1000)) -> #DIV/0! | AF62: ECO,s
U63: PM | V63: g/liter | W63: =IF($W$42=3,AA24/W$32*1000,IF($W$42=1,W71/W$32*1000,W75/W$32*1000)) -> #DIV/0! | X63: EPM,c | AA63: =IF($W$42=3,AI24/AA$32*1000,IF($W$42=1,AA71/AA$32*1000,AA75/AA$32*1000)) -> #DIV/0! | AB63: EPM,h | AE63: =IF($W$42=3,AP24/AP$32*1000,IF($W$42=1,AE71/AP$32*1000,AE75/AP$32*1000)) -> #DIV/0! | AF63: EPM,s
U64: Mass emission factors
U65: CO2 | V65: g/kgf | W65: =IF(W42=2,W73/(W28*(1-E18)-W29*charFracC/fuelFracC),IF(W56>0,((AA18-$N21)*44/12)/(W$56/fuelFracC)*1000,0)) -> #DIV/0! | X65: EFCO2,c | AA65: =IF(W42=2,AA73/(AA28*(1-E18)-AA29*charFracC/fuelFracC),IF(AA56>0,((AI18-$N21)*44/12)/(AA$56/fuelFracC)*1000,0)) -> #DIV/0! | AB65: EFCO2,h | AE65: =IF(W42=2,AE73/(AP28*(1-E18)-AP29*charFracC/fuelFracC),IF(AE56>0,((AP18-$N21)*44/12)/(AE$56/fuelFracC)*1000,0)) -> #DIV/0! | AF65: EFCO2,s
U66: CO | V66: g/kgf | W66: =IF(W42=2,W74/(W28*(1-E18)-W29*charFracC/fuelFracC),IF(W56>0,((AA19-$N22)*28/12)/(W$56/fuelFracC)*1000,0)) -> #DIV/0! | X66: EFCO,c | AA66: =IF(W42=2,AA74/(AA28*(1-E18)-AA29*charFracC/fuelFracC),IF(AA56>0,((AI19-$N22)*28/12)/(AA$56/fuelFracC)*1000,0)) -> #DIV/0! | AB66: EFCO,h | AE66: =IF(W42=2,AE74/(AP28*(1-E18)-AP29*charFracC/fuelFracC),IF(AE56>0,((AP19-$N22)*28/12)/(AE$56/fuelFracC)*1000,0)) -> #DIV/0! | AF66: EFCO,s
U67: PM | V67: g/kgf | W67: =IF(W42=2,W75/(W28*(1-E18)-W29*charFracC/fuelFracC),IF(W57>0,(AA20-$N23)/(W$57/fuelFracC)*1000/1000000,0)) -> #DIV/0! | X67: EFPM,c | AA67: =IF(W42=2,AA75/(AA28*(1-E18)-AA29*charFracC/fuelFracC),IF(AA57>0,(AI20-$N23)/(AA$57/fuelFracC)*1000/1000000,0)) -> #DIV/0! | AB67: EFPM,h | AE67: =IF(W42=2,AE75/(AP28*(1-E18)-AP29*charFracC/fuelFracC),IF(AE57>0,(AP20-$N23)/(AE$57/fuelFracC)*1000/1000000,0)) -> #DIV/0! | AF67: EFPM,s
U68: Total Emissions (carbon balance)
U69: CO2 | V69: g | W69: =W65*(W28*(1-$E$18)-W29*charFracC/fuelFracC)/1000 -> #DIV/0! | X69: mCO2,c | AA69: =AA65*(AA28*(1-$E$18)-AA29*charFracC/fuelFracC)/1000 -> #DIV/0! | AB69: mCO2,h | AE69: =AE65*(AP28*(1-$E$18)-AP29*charFracC/fuelFracC)/1000 -> #DIV/0! | AF69: mCO2,s
U70: CO | V70: g | W70: =W66*(W28*(1-$E$18)-W29*charFracC/fuelFracC)/1000 -> #DIV/0! | X70: mCO,c | AA70: =AA66*(AA28*(1-$E$18)-AA29*charFracC/fuelFracC)/1000 -> #DIV/0! | AB70: mCO,h | AE70: =AE66*(AP28*(1-$E$18)-AP29*charFracC/fuelFracC)/1000 -> #DIV/0! | AF70: mCO,s
U71: PM | V71: g | W71: =W67*(W28*(1-$E$18)-W29*charFracC/fuelFracC)/1000 -> #DIV/0! | X71: mPM,c | AA71: =AA67*(AA28*(1-$E$18)-AA29*charFracC/fuelFracC)/1000 -> #DIV/0! | AB71: mPM,h | AE71: =AE67*(AP28*(1-$E$18)-AP29*charFracC/fuelFracC)/1000 -> #DIV/0! | AF71: mPM,s
U72: Total Emissions (total capture)
U73: CO2 | V73: g | W73: =W55*(AA18-N21)*(44*'General Information'!C22)/(0.008314*(AA21+273.15))/1000000 -> 0 | X73: mCO2,c | AA73: =AA55*(AI18-N21)*(44*'General Information'!C22)/(0.008314*(AI21+273.15))/1000000 -> 0 | AB73: mCO2,h | AE73: =AE55*(AP18-N21)*(44*'General Information'!C22)/(0.008314*(AP21+273.15))/1000000 -> 0 | AF73: mCO2,s
U74: CO | V74: g | W74: =W55*(AA19-N22)*(28*'General Information'!C22)/(0.008314*(AA21+273.15))/1000000 -> 0 | X74: mCO,c | AA74: =AA55*(AI19-N22)*(28*'General Information'!C22)/(0.008314*(AI21+273.15))/1000000 -> 0 | AB74: mCO,h | AE74: =AE55*(AP19-N22)*(28*'General Information'!C22)/(0.008314*(AP21+273.15))/1000000 -> 0 | AF74: mCO,s
U75: PM | V75: g | W75: =W55*(AA20-N23)/1000000 -> 0 | X75: mPM,c | AA75: =AA55*(AI20-N23)/1000000 -> 0 | AB75: mPM,h | AE75: =AE55*(AP20-N23)/1000000 -> 0 | AF75: mPM,s
U76: Emission benchmarks:
U77: CO to Complete 5L WBT | V77: g | W77: =(IF(ISERROR(AA$38),W62,AVERAGE(W62,AA62))+AE62)*5 -> #DIV/0! | X77: BCO
U78: PM to Complete 5L WBT | V78: g | W78: =(IF(ISERROR(AA$38),W63,AVERAGE(W63,AA63))+AE63)*5 -> #DIV/0! | X78: BPM

Sheet Test-10
A2: ="WATER BOILING TEST - VERSION "&version&" - TEST #10" -> WATER BOILING TEST - VERSION 4.2.3 - TEST #10 | U2: ="TEST #10 "&D7 -> TEST #10 | W2: COLD START HIGH POWER | AE2: HOT START HIGH POWER (OPTIONAL) | AL2: SIMMER TEST
B3: DATA AND CALCULATION FORM (for one to four pots)* | W3: Start | AA3: Finish: when | AE3: Start | AI3: Finish: when | AL3: Start | AP3: Finish: 45 min
B4: Shaded cells and arrows require user input; unshaded cells automatically display outputs | AA4: Pot #1 boils | AI4: Pot #1 boils
B5: Qualitative data | U5: Measurements | V5: Units | W5: data | X5: label | AA5: data | AB5: label | AE5: data | AF5: label | AI5: data | AJ5: label | AL5: data | AM5: label | AP5: data | AQ5: label
B6: Name(s) of Tester(s) | M6: gray: efficiency | U6: Time (in 24 hour form) | V6: hr:min | X6: tci | AB6: tcf | AF6: thi | AJ6: thf | AM6: tsi | AQ6: tsf
B7: Test Number | M7: blue: emissions | U7: Weight of fuel | V7: g | X7: fci | AB7: fcf | AF7: fhi | AJ7: fhf | AM7: fsi | AQ7: fsf
B8: Date | M8: pink: error, missing input | U8: Water temperature, Pot # 1 | V8: ºC | X8: T1ci | AB8: T1cf | AF8: T1hi | AJ8: T1hf | AM8: T1si | AQ8: T1sf
B9: Location | D9: ='General Information'!C7 -> 0 | U9: Water temperature, Pot # 2 | V9: ºC | X9: T2ci | AB9: T2cf | AF9: T2hi | AJ9: T2hf | AM9: T2si | AQ9: T2sf
B10: Stove type/model | D10: ='General Information'!C10 -> 0 | U10: Water temperature, Pot # 3 | V10: ºC | X10: T3ci | AB10: T3cf | AF10: T3hi | AJ10: T3hf | AM10: T3si | AQ10: T3sf
B11: Type of fuel | D11: ='General Information'!J3 -> 0 | U11: Water temperature, Pot # 4 | V11: ºC | X11: T4ci | AB11: T4cf | AF11: T4hi | AJ11: T4hf | AM11: T4si | AQ11: T4sf
U12: Weight of Pot # 1 with water | V12: g | X12: P1ci | AB12: P1cf | AF12: P1hi | AJ12: P1hf | AM12: P1si | AQ12: P1sf
B13: Initial Test Conditions | U13: Weight of Pot # 2 with water | V13: g | X13: P2ci | AB13: P2cf | AF13: P2hi | AJ13: P2hf | AM13: P2si | AQ13: P2sf
B14: Data | E14: value | G14: units | I14: label | K14: Data | N14: value | P14: units | R14: label | U14: Weight of Pot # 3 with water | V14: g | X14: P3ci | AB14: P3cf | AF14: P3hi | AJ14: P3hf | AM14: P3si | AQ14: P3sf
B15: Air temperature | G15: ºC | K15: Dry weight of Pot # 1 (grams) | P15: g | R15: P1 | U15: Weight of Pot # 4 with water | V15: g | X15: P4ci | AB15: P4cf | AF15: P4hi | AJ15: P4hf | AM15: P4si | AQ15: P4sf
B16: Wind conditions | E16: 1 | K16: Dry weight of Pot # 2 (grams) | P16: g | R16: P2 | U16: Fire-starting materials (if any) | V16: --
B17: Fuel dimensions | K17: Dry weight of Pot # 3 (grams) | P17: g | R17: P3 | U17: Weight of charcoal+container | V17: g | AB17: cc | AI17: =AA17 -> 0 | AJ17: ch | AQ17: cs
B18: Fuel moisture content (wet basis) | G18: % | I18: MC | K18: Dry weight of Pot # 4 (grams) | P18: g | R18: P4 | U18: Average CO2 | V18: ppm | AB18: CO2c | AJ18: CO2h | AQ18: CO2s
B19: Gross calorific value (dry fuel) | E19: ='General Information'!L21 -> 0 | G19: kJ/kg | I19: HHV | K19: Weight of container for char (grams) | P19: g | R19: k | U19: Average CO | V19: ppm | Z19: 10 | AB19: COc | AJ19: COh | AQ19: COs
B20: Net calorific value (dry fuel) | E20: ='General Information'!L22 -> 0 | G20: kJ/kg | I20: LHV | K20: Local boiling point | N20: ='General Information'!C20 -> 0 | P20: ºC | R20: Tb | U20: Average PM | V20: ug/m3 | AB20: PMc | AJ20: PMh | AQ20: PMs
B21: Effective calorific value | K21: Background concentrations: CO2 | P21: ppm | R21: CO2,b | U21: Average Duct Temperature | V21: ºC | AB21: Tcd | AJ21: Thd | AQ21: Tsd
B22: (accounting for fuel moisture) | E22: =E20*(1-E18)-(E18*((N20-E15)*4.2+2260)) -> 0 | G22: kJ/kg | I22: EHV | M22: CO | P22: ppm | R22: CO,b | U22: Total CO2 (if available) | V22: g | AB22: mCO2,c | AJ22: mCO2,h | AQ22: mCO2,s
B23: Char calorific value | E23: ='General Information'!L11 -> 0 | G23: kJ/kg | M23: PM | P23: ug/m3 | R23: PM,b | U23: Total CO (if available) | V23: g | Z23: 10 | AB23: mCO,c | AJ23: mCO,h | AQ23: mCO,s
U24: Total PM (if available) | V24: g | AB24: mPM,c | AJ24: mPM,h | AQ24: mPM,s
B25: Notes about this test:
W26: COLD START | AA26: HOT START | AE26: SIMMER TEST (CALCULATIONS DIFFER FROM HIGH POWER TEST)
U27: Calculations/Results | V27: Units | W27: data | X27: label | AA27: data | AB27: label | AE27: Calculations/Results | AM27: Units | AP27: data | AQ27: label
U28: Fuel consumed (moist) | V28: g | W28: =W7-AA7 -> 0 | X28: fcm | AA28: =AE7-AI7 -> 0 | AB28: fhm | AE28: Fuel consumed during the simmer phase (moist) | AM28: g | AP28: =AL7-AP7 -> 0 | AQ28: fsm
U29: Net change in char during test | V29: g | W29: =AA17-$N$19 -> 0 | X29: Δcc | AA29: =IF(AA28=0,0,AI17-$N$19) -> 0 | AB29: Δch | AE29: Net change in char during test phase | AM29: g | AP29: =(AP17-$N$19)-W29 -> 0 | AQ29: Δcs
U30: Equivalent dry fuel consumed | V30: g | W30: =(W28*($E$20*(1-$E$18)-$E$18*(4.186*($N$20-$E$15)+2257))-W29*$E23)/$E$20 -> #DIV/0! | X30: fcd | AA30: =IF(AA28=0,0,(AA28*($E$20*(1-$E$18)-$E$18*(4.186*($N$20-$E$15)+2257))-AA29*$E23)/$E$20) -> 0 | AB30: fhd | AE30: Equivalent dry fuel consumed | AM30: g | AP30: =(AP28*($E$20*(1-$E$18)-$E$18*(4.186*($N$20-$E$15)+2257))-AP29*$E23)/$E$20 -> #DIV/0! | AQ30: fsd
U31: Water vaporized from all pots | V31: g | W31: =SUM(W12:W15)-SUM(AA12:AA15) -> 0 | X31: wcv | AA31: =SUM(AE12:AE15)-SUM(AI12:AI15) -> 0 | AB31: whv | AE31: Water vaporized | AM31: g | AP31: =(AL12-AP12)+(AL13-AP13)+(AL14-AP14)+(AL15-AP15) -> 0 | AQ31: wsv
U32: Effective mass of water boiled | V32: g | W32: =((AA12-$N15)*(AA8-W8)/($N$20-W8)+(AA13-$N16)*(AA9-W9)/($N$20-W9)+(AA14-$N17)*(AA10-W10)/($N$20-W10)+(AA15-$N18)*(AA11-W11)/($N$20-W11)) -> #DIV/0! | X32: wcr | AA32: =((AI12-$N15)*(AI8-AE8)/($N$20-AE8)+(AI13-$N16)*(AI9-AE9)/($N$20-AE9)+(AI14-$N17)*(AI10-AE10)/($N$20-AE10)+(AI15-$N18)*(AI11-AE11)/($N$20-AE11)) -> #DIV/0! | AB32: whr | AE32: Water remaining at end - All Pots | AM32: g | AP32: =(AP12-$N$15+((AP9-25)/(N20-25))*(AP13-N16)+((AP10-25)/(N20-25))*(AP14-N17)+((AP11-25)/(N20-25))*(AP15-N18)) -> 0 | AQ32: wsr
U33: Time to boil Pot # 1 | V33: min | W33: =(AA6-W6)*1440 -> 0 | X33: Δtc | AA33: =(AI6-AE6)*1440 -> 0 | AB33: Δth | AE33: Time of simmer (should be ~45 minutes) | AM33: min | AP33: =(AP6-AL6)*1440 -> 0 | AQ33: Δts
U34: Temp-corr time to boil Pot # 1 | V34: min | W34: =W33*75/(N20-W8) -> #DIV/0! | X34: ΔtTc | AA34: =AA33*75/(N20-AE8) -> #DIV/0! | AB34: ΔtTh | AE34: Thermal efficiency | AM34: % | AP34: =(4.186*((AL12-$N15+AP32)/2)*(AP8-AL8)+2260*AP31)/(AP30*$E$20) -> #DIV/0! | AQ34: hs
U35: Thermal efficiency | V35: % | W35: =(4.186*SUM((W12-$N15)*(AA8-W8),(W13-$N16)*(AA9-W9),(W14-$N17)*(AA10-W10),(W15-$N18)*(AA11-W11))+2260*W31)/(W30*$E20) -> #DIV/0! | X35: hc | AA35: =(4.186*SUM((AE12-$N15)*(AI8-AE8),(AE13-$N16)*(AI9-AE9),(AE14-$N17)*(AI10-AE10),(AE15-$N18)*(AI11-AE11))+2260*AA31)/(AA30*$E20) -> #DIV/0! | AB35: hh | AE35: Burning rate | AM35: g/min | AP35: =AP30/AP33 -> #DIV/0! | AQ35: rsb
B36: BASIC TEST DATA | U36: Burning rate | V36: g/min | W36: =W30/W33 -> #DIV/0! | X36: rcb | AA36: =AA30/AA33 -> #DIV/0! | AB36: rhb | AE36: Specific fuel consumption | AM36: g/liter remaining | AP36: =AP30/AP32*1000 -> #DIV/0! | AQ36: SCs
U37: Specific fuel consumption | V37: g/liter boiled | W37: =1000*W30/W32 -> #DIV/0! | X37: SCc | AA37: =1000*AA30/AA32 -> #DIV/0! | AB37: SCh | AE37: Firepower | AM37: watts | AP37: =AP30*$E$20/(AP33*60) -> #DIV/0! | AQ37: FPs
B38: ="TEST #10 "&D7 -> TEST #10 | U38: Temp-corr sp consumption | V38: g/liter | W38: =W37*75/($N$20-W8) -> #DIV/0! | X38: SCTc | AA38: =AA37*75/($N$20-AE8) -> #DIV/0! | AB38: SCTh | AE38: Turn down ratio | AM38: -- | AP38: =W40/AP37 -> #DIV/0! | AQ38: TDR
B39: Notes on the High Power - Cold Start Test. Add description only if it differs from "General Information" sheet | U39: Temp-corr sp energy consumpt. | V39: kJ/liter | W39: =(W38/1000)*E20 -> #DIV/0! | X39: SETC | AA39: =(AA38/1000)*E20 -> #DIV/0! | AB39: SETH | AE39: Specific Energy Consumption | AM39: kJ/liter | AP39: =(AP36/1000)*E20 -> #DIV/0! | AQ39: SES
U40: Firepower | V40: watts | W40: =W30*$E$20/(W33*60) -> #DIV/0! | X40: FPc | AA40: =AA30*$E$20/(AA33*60) -> #DIV/0! | AB40: FPh | AE40: Fuel Benchmark to Complete 5L WBT | AM40: g | AP40: =IF(ISERROR(AA38),5*(W38+AP36),5*(AVERAGE(W38,AA38)+AP36)) -> #DIV/0! | AQ40: BF
AE41: Energy Benchmark to Complete 5L WBT | AM41: kJ | AP41: =(AP40/1000)*E20 -> #DIV/0! | AQ41: BE
U42: Emissions Calculation Method: | W42: 1
U43: IWA PERFORMANCE METRICS | AE43: Data | AF43: Tier
U44: High Power Thermal Efficiency | AB44: % | AE44: =IF(AA33=0,W35,(W35+AA35)/2) -> #DIV/0! | AF44: =IF(AE44=0,"-",IF(AE44<Lists!E15,"0",IF(AE44<Lists!I15,1,IF(AE44<Lists!K15,2,IF(AE44<Lists!M15,3,4))))) -> #DIV/0!
U45: Low Power Specific Fuel Consumption | AB45: MJ/(min∙L) | AE45: =AP30*'General Information'!L22/(AP32*AP33*1000) -> #DIV/0! | AF45: =IF(AE45>Lists!E16,"0",IF(AE45>Lists!I16,1,IF(AE45>Lists!K16,2,IF(AE45>Lists!M16,3,4)))) -> #DIV/0!
U46: High Power CO | AB46: g/MJ | AE46: =IF(W42=3,IF(AA33=0,1000000/'General Information'!L22*AA23/(W35*W30),1000000/'General Information'!L22*(AA23/(W35*W30)+AI23/(AA35*AA30))/2),IF(W42=1,IF(AA33=0,1000000/'General Information'!L22*W70/(W35*W30),1000000/'General Information'!L22*(W70/(W35*W30)+AA70/(AA35*AA30))/2),IF(AA33=0,1000000/'General Information'!L22*W74/(W35*W30),1000000/'General Information'!L22*(W74/(W35*W30)+AA74/(AA35*AA30))/2))) -> #DIV/0! | AF46: =IF(AE46>Lists!E17,"0",IF(AE46>Lists!I17,1,IF(AE46>Lists!K17,2,IF(AE46>Lists!M17,3,4)))) -> #DIV/0!
U47: Low Power CO | AB47: g/(min∙L) | AE47: =IF(W42=3,AP23/(AP33*AP32)*1000,IF(W42=1,AE70/(AP33*AP32)*1000,AE74/(AP33*AP32)*1000)) -> #DIV/0! | AF47: =IF(AE47>Lists!E18,"0",IF(AE47>Lists!I18,1,IF(AE47>Lists!K18,2,IF(AE47>Lists!M18,3,4)))) -> #DIV/0!
U48: High Power PM | AB48: mg/MJ | AE48: =IF(W42=3,IF(AA33=0,10^9/'General Information'!L22*AA24/(W35*W30),10^9/'General Information'!L22*(AA24/(W35*W30)+AI24/(AA35*AA30))/2),IF(W42=1,IF(AA33=0,10^9/'General Information'!L22*W71/(W35*W30),10^9/'General Information'!L22*(W71/(W35*W30)+AA71/(AA35*AA30))/2),IF(AA33=0,10^9/'General Information'!L22*W75/(W35*W30),10^9/'General Information'!L22*(W75/(W35*W30)+AA75/(AA35*AA30))/2))) -> #DIV/0! | AF48: =IF(AE48>Lists!E19,"0",IF(AE48>Lists!I19,1,IF(AE48>Lists!K19,2,IF(AE48>Lists!M19,3,4)))) -> #DIV/0!
U49: Low Power PM | AB49: mg/(min∙L) | AE49: =IF(W42=3,AP24/(AP33*AP32)*1000000,IF(W42=1,AE71/(AP33*AP32)*1000000,AE75/(AP33*AP32)*1000000)) -> #DIV/0! | AF49: =IF(AE49>Lists!E20,"0",IF(AE49>Lists!I20,1,IF(AE49>Lists!K20,2,IF(AE49>Lists!M20,3,4)))) -> #DIV/0!
B50: Notes on the High Power - Hot Start Test | U50: Indoor CO Emissions | AB50: g/min | AE50: =IF(W42=3,IF(IF(AA33=0,AA23/W33,(AA23/W33+AI23/AA33)/2)<(AP23/AP33),AP23/AP33,IF(AA33=0,AA23/W33,(AA23/W33+AI23/AA33)/2)),IF(W42=1,IF(IF(AA33=0,W70/W33,(W70/W33+AA70/AA33)/2)<(AE70/AP33),AE70/AP33,IF(AA33=0,W70/W33,(W70/W33+AA70/AA33)/2)),IF(IF(AA33=0,W74/W33,(W74/W33+AA74/AA33)/2)<(AE74/AP33),AE74/AP33,IF(AA33=0,W74/W33,(W74/W33+AA74/AA33)/2)))) -> #DIV/0! | AF50: =IF(AE50>Lists!E21,"0",IF(AE50>Lists!I21,1,IF(AE50>Lists!K21,2,IF(AE50>Lists!M21,3,4)))) -> #DIV/0!
U51: Indoor PM Emissions | AB51: mg/min | AE51: =IF(W42=3,IF(IF(AA33=0,AA24/W33,(AA24/W33+AI24/AA33)/2)<(AP24/AP33),AP24/AP33*1000,IF(AA33=0,AA24/W33,(AA24/W33+AI24/AA33)/2)*1000),IF(W42=1,IF(IF(AA33=0,W71/W33,(W71/W33+AA71/AA33)/2)<(AE71/AP33),AE71/AP33*1000,IF(AA33=0,W71/W33,(W71/W33+AA71/AA33)/2)*1000),IF(IF(AA33=0,W75/W33,(W75/W33+AA75/AA33)/2)<(AE75/AP33),AE75/AP33*1000,IF(AA33=0,W75/W33,(W75/W33+AA75/AA33)/2)*1000))) -> #DIV/0! | AF51: =IF(AE51>Lists!E22,"0",IF(AE51>Lists!I22,1,IF(AE51>Lists!K22,2,IF(AE51>Lists!M22,3,4)))) -> #DIV/0!
U52: ="TEST #10 "&D7 -> TEST #10 | V52: Emission Report
W53: COLD START | AA53: HOT START | AE53: SIMMER TEST
U54: Calculations/Results | V54: Units | W54: data | X54: label | AA54: data | AB54: label | AE54: data | AF54: label
U55: Total exhaust flow | V55: m3 | W55: ='General Information'!$C$24*W33/60 -> 0 | X55: Vc | AA55: ='General Information'!$C$24*AA33/60 -> 0 | AB55: Vh | AE55: ='General Information'!$C$24*AP33/60 -> 0 | AF55: Vs
U56: Exhaust carbon concentration | V56: ppm | W56: =((AA18-$N21)+(AA19-$N22)+(AA20-$N23)/15/('General Information'!$C$22/0.008314/(AA21+273.15))) -> #DIV/0! | X56: CCc | AA56: =((AI18-$N21)+(AI19-$N22)+(AI20-$N23)/15/('General Information'!$C$22/0.008314/(AI21+273.15))) -> #DIV/0! | AB56: CCh | AE56: =((AP18-$N21)+(AP19-$N22)+(AP20-$N23)/15/('General Information'!$C$22/0.008314/(AP21+273.15))) -> #DIV/0! | AF56: CCs
U57: Total carbon in exhaust | V57: g/m3 | W57: ='General Information'!$C$22/0.008314/(AA21+273.15)*W56*0.000001*12 -> #DIV/0! | X57: Cc | AA57: ='General Information'!$C$22/0.008314/(AI21+273.15)*AA56*0.000001*12 -> #DIV/0! | AB57: Ch | AE57: ='General Information'!$C$22/0.008314/(AP21+273.15)*AE56*0.000001*12 -> #DIV/0! | AF57: Cs
U58: Fuel consumed est. (dry) | V58: g | W58: =W57*W55/fuelFracC -> #DIV/0! | X58: fce | AA58: =AA57*AA55/fuelFracC -> #DIV/0! | AB58: fhe | AE58: =AE57*AE55/fuelFracC -> #DIV/0! | AF58: fse
U59: Hood carbon balance | V59: % | W59: =W58/((1-$E$18)*(W28)-W29*charFracC/'General Information'!L23) -> #DIV/0! | X59: CBc | AA59: =AA58/((1-$E$18)*(AA28)-AA29*charFracC/'General Information'!L23) -> #DIV/0! | AB59: CBh | AE59: =AE58/((1-$E$18)*(AP28)-AP29*charFracC/'General Information'!L23) -> #DIV/0! | AF59: CBs
U60: Emission per water boiled
B61: Notes on the Low Power - Simmer Test | U61: CO2 | V61: g/liter | W61: =IF($W$42=3,AA22/W$32*1000,IF($W$42=1,W69/W$32*1000,W73/W$32*1000)) -> #DIV/0! | X61: ECO2,c | AA61: =IF($W$42=3,AI22/AA$32*1000,IF($W$42=1,AA69/AA$32*1000,AA73/AA$32*1000)) -> #DIV/0! | AB61: ECO2,h | AE61: =IF($W$42=3,AP22/AP$32*1000,IF($W$42=1,AE69/AP$32*1000,AE73/AP$32*1000)) -> #DIV/0! | AF61: ECO2,s
U62: CO | V62: g/liter | W62: =IF($W$42=3,AA23/W$32*1000,IF($W$42=1,W70/W$32*1000,W74/W$32*1000)) -> #DIV/0! | X62: ECO,c | AA62: =IF($W$42=3,AI23/AA$32*1000,IF($W$42=1,AA70/AA$32*1000,AA74/AA$32*1000)) -> #DIV/0! | AB62: ECO,h | AE62: =IF($W$42=3,AP23/AP$32*1000,IF($W$42=1,AE70/AP$32*1000,AE74/AP$32*1000)) -> #DIV/0! | AF62: ECO,s
U63: PM | V63: g/liter | W63: =IF($W$42=3,AA24/W$32*1000,IF($W$42=1,W71/W$32*1000,W75/W$32*1000)) -> #DIV/0! | X63: EPM,c | AA63: =IF($W$42=3,AI24/AA$32*1000,IF($W$42=1,AA71/AA$32*1000,AA75/AA$32*1000)) -> #DIV/0! | AB63: EPM,h | AE63: =IF($W$42=3,AP24/AP$32*1000,IF($W$42=1,AE71/AP$32*1000,AE75/AP$32*1000)) -> #DIV/0! | AF63: EPM,s
U64: Mass emission factors
U65: CO2 | V65: g/kgf | W65: =IF(W42=2,W73/(W28*(1-E18)-W29*charFracC/fuelFracC),IF(W56>0,((AA18-$N21)*44/12)/(W$56/fuelFracC)*1000,0)) -> #DIV/0! | X65: EFCO2,c | AA65: =IF(W42=2,AA73/(AA28*(1-E18)-AA29*charFracC/fuelFracC),IF(AA56>0,((AI18-$N21)*44/12)/(AA$56/fuelFracC)*1000,0)) -> #DIV/0! | AB65: EFCO2,h | AE65: =IF(W42=2,AE73/(AP28*(1-E18)-AP29*charFracC/fuelFracC),IF(AE56>0,((AP18-$N21)*44/12)/(AE$56/fuelFracC)*1000,0)) -> #DIV/0! | AF65: EFCO2,s
U66: CO | V66: g/kgf | W66: =IF(W42=2,W74/(W28*(1-E18)-W29*charFracC/fuelFracC),IF(W56>0,((AA19-$N22)*28/12)/(W$56/fuelFracC)*1000,0)) -> #DIV/0! | X66: EFCO,c | AA66: =IF(W42=2,AA74/(AA28*(1-E18)-AA29*charFracC/fuelFracC),IF(AA56>0,((AI19-$N22)*28/12)/(AA$56/fuelFracC)*1000,0)) -> #DIV/0! | AB66: EFCO,h | AE66: =IF(W42=2,AE74/(AP28*(1-E18)-AP29*charFracC/fuelFracC),IF(AE56>0,((AP19-$N22)*28/12)/(AE$56/fuelFracC)*1000,0)) -> #DIV/0! | AF66: EFCO,s
U67: PM | V67: g/kgf | W67: =IF(W42=2,W75/(W28*(1-E18)-W29*charFracC/fuelFracC),IF(W57>0,(AA20-$N23)/(W$57/fuelFracC)*1000/1000000,0)) -> #DIV/0! | X67: EFPM,c | AA67: =IF(W42=2,AA75/(AA28*(1-E18)-AA29*charFracC/fuelFracC),IF(AA57>0,(AI20-$N23)/(AA$57/fuelFracC)*1000/1000000,0)) -> #DIV/0! | AB67: EFPM,h | AE67: =IF(W42=2,AE75/(AP28*(1-E18)-AP29*charFracC/fuelFracC),IF(AE57>0,(AP20-$N23)/(AE$57/fuelFracC)*1000/1000000,0)) -> #DIV/0! | AF67: EFPM,s
U68: Total Emissions (carbon balance)
U69: CO2 | V69: g | W69: =W65*(W28*(1-$E$18)-W29*charFracC/fuelFracC)/1000 -> #DIV/0! | X69: mCO2,c | AA69: =AA65*(AA28*(1-$E$18)-AA29*charFracC/fuelFracC)/1000 -> #DIV/0! | AB69: mCO2,h | AE69: =AE65*(AP28*(1-$E$18)-AP29*charFracC/fuelFracC)/1000 -> #DIV/0! | AF69: mCO2,s
U70: CO | V70: g | W70: =W66*(W28*(1-$E$18)-W29*charFracC/fuelFracC)/1000 -> #DIV/0! | X70: mCO,c | AA70: =AA66*(AA28*(1-$E$18)-AA29*charFracC/fuelFracC)/1000 -> #DIV/0! | AB70: mCO,h | AE70: =AE66*(AP28*(1-$E$18)-AP29*charFracC/fuelFracC)/1000 -> #DIV/0! | AF70: mCO,s
U71: PM | V71: g | W71: =W67*(W28*(1-$E$18)-W29*charFracC/fuelFracC)/1000 -> #DIV/0! | X71: mPM,c | AA71: =AA67*(AA28*(1-$E$18)-AA29*charFracC/fuelFracC)/1000 -> #DIV/0! | AB71: mPM,h | AE71: =AE67*(AP28*(1-$E$18)-AP29*charFracC/fuelFracC)/1000 -> #DIV/0! | AF71: mPM,s
U72: Total Emissions (total capture)
U73: CO2 | V73: g | W73: =W55*(AA18-N21)*(44*'General Information'!C22)/(0.008314*(AA21+273.15))/1000000 -> 0 | X73: mCO2,c | AA73: =AA55*(AI18-N21)*(44*'General Information'!C22)/(0.008314*(AI21+273.15))/1000000 -> 0 | AB73: mCO2,h | AE73: =AE55*(AP18-N21)*(44*'General Information'!C22)/(0.008314*(AP21+273.15))/1000000 -> 0 | AF73: mCO2,s
U74: CO | V74: g | W74: =W55*(AA19-N22)*(28*'General Information'!C22)/(0.008314*(AA21+273.15))/1000000 -> 0 | X74: mCO,c | AA74: =AA55*(AI19-N22)*(28*'General Information'!C22)/(0.008314*(AI21+273.15))/1000000 -> 0 | AB74: mCO,h | AE74: =AE55*(AP19-N22)*(28*'General Information'!C22)/(0.008314*(AP21+273.15))/1000000 -> 0 | AF74: mCO,s
U75: PM | V75: g | W75: =W55*(AA20-N23)/1000000 -> 0 | X75: mPM,c | AA75: =AA55*(AI20-N23)/1000000 -> 0 | AB75: mPM,h | AE75: =AE55*(AP20-N23)/1000000 -> 0 | AF75: mPM,s
U76: Emission benchmarks:
U77: CO to Complete 5L WBT | V77: g | W77: =(IF(ISERROR(AA$38),W62,AVERAGE(W62,AA62))+AE62)*5 -> #DIV/0! | X77: BCO
U78: PM to Complete 5L WBT | V78: g | W78: =(IF(ISERROR(AA$38),W63,AVERAGE(W63,AA63))+AE63)*5 -> #DIV/0! | X78: BPM

Sheet Results
B2: ="WATER BOILING TEST - VERSION "&version -> WATER BOILING TEST - VERSION 4.2.3 | C2: TEST # | D2: ='General Information'!C4 -> 0
B3: All cells are linked to data worksheets, no entries are required
B4: Stove type/model | C4: ='General Information'!C10 -> 0
B5: Location | C5: ='General Information'!C7 -> 0
B6: Fuel description | C6: =IF('General Information'!J4=1,"",VLOOKUP('General Information'!J4,FuelCalorific,2,FALSE))
B7: Wind conditions | C7: =IF('Test-1'!E16=1,"",VLOOKUP('Test-1'!E16,WindConditions,2,FALSE)&"; ")&IF('Test-2'!E16=1,"",VLOOKUP('Test-2'!E16,WindConditions,2,FALSE)&"; ")&IF('Test-3'!E16=1,"",VLOOKUP('Test-3'!E16,WindConditions,2,FALSE)&"; ")&IF('Test-4'!E16=1,"",VLOOKUP('Test-4'!E16,WindConditions,2,FALSE)&"; ")&IF('Test-5'!E16=1,"",VLOOKUP('Test-5'!E16,WindConditions,2,FALSE)&"; ")&IF('Test-6'!E16=1,"",VLOOKUP('Test-6'!E16,WindConditions,2,FALSE)&"; ")&IF('Test-7'!E16=1,"",VLOOKUP('Test-7'!E16,WindConditions,2,FALSE)&"; ")&IF('Test-8'!E16=1,"",VLOOKUP('Test-8'!E16,WindConditions,2,FALSE)&"; ")&IF('Test-9'!E16=1,"",VLOOKUP('Test-9'!E16,WindConditions,2,FALSE)&"; ")&IF('Test-10'!E16=1,"",VLOOKUP('Test-10'!E16,WindConditions,2,FALSE))
B8: Ambient temperature | C8: ='Test-1'!E15&"ºC; "&'Test-2'!E15&"ºC; "&'Test-3'!E15&"ºC; "&'Test-4'!E15&"ºC; "&'Test-5'!E15&"ºC; "&'Test-6'!E15&"ºC; "&'Test-7'!E15&"ºC; "&'Test-8'!E15&"ºC; "&'Test-9'!E15&"ºC; "&'Test-10'!E15&"ºC" -> ºC; ºC; ºC; ºC; ºC; ºC; ºC; ºC; ºC; ºC
B10: 1. HIGH POWER TEST (COLD START) | C10: units | D10: Test 1 | E10: Test 2 | F10: Test 3 | G10: Test 4 | H10: Test 5 | I10: Test 6 | J10: Test 7 | K10: Test 8 | L10: Test 9 | M10: Test 10 | N10: Average | O10: St Dev | P10: COV
B11: Time to boil Pot # 1 | C11: min | D11: ='Test-1'!$W33 -> 0 | E11: ='Test-2'!$W33 -> 0 | F11: ='Test-3'!$W33 -> 0 | G11: ='Test-4'!$W33 -> 0 | H11: ='Test-5'!$W33 -> 0 | I11: ='Test-6'!$W33 -> 0 | J11: ='Test-7'!$W33 -> 0 | K11: ='Test-8'!$W33 -> 0 | L11: ='Test-9'!$W33 -> 0 | M11: ='Test-10'!$W33 -> 0 | N11: =SUMIF(D11:M11,">0",D11:M11)/COUNTIF(D11:M11,">0") -> #DIV/0! | O11: =IF(PRODUCT(D11:M11)=0,0,STDEV(D11:M11)) -> 0 | P11: =IF(N11=0,0,O11/N11) -> #DIV/0!
B12: Temp-corrected time to boil Pot # 1 | C12: min | D12: ='Test-1'!$W34 -> #DIV/0! | E12: ='Test-2'!$W34 -> #DIV/0! | F12: ='Test-3'!$W34 -> #DIV/0! | G12: ='Test-4'!$W34 -> #DIV/0! | H12: ='Test-5'!$W34 -> #DIV/0! | I12: ='Test-6'!$W34 -> #DIV/0! | J12: ='Test-7'!$W34 -> #DIV/0! | K12: ='Test-8'!$W34 -> #DIV/0! | L12: ='Test-9'!$W34 -> #DIV/0! | M12: ='Test-10'!$W34 -> #DIV/0! | N12: =SUMIF(D12:M12,">0",D12:M12)/COUNTIF(D12:M12,">0") -> #DIV/0! | O12: =IF(PRODUCT(D12:M12)=0,0,STDEV(D12:M12)) -> #DIV/0! | P12: =IF(N12=0,0,O12/N12) -> #DIV/0!
B13: Burning rate | C13: g/min | D13: ='Test-1'!$W36 -> #DIV/0! | E13: ='Test-2'!$W36 -> #DIV/0! | F13: ='Test-3'!$W36 -> #DIV/0! | G13: ='Test-4'!$W36 -> #DIV/0! | H13: ='Test-5'!$W36 -> #DIV/0! | I13: ='Test-6'!$W36 -> #DIV/0! | J13: ='Test-7'!$W36 -> #DIV/0! | K13: ='Test-8'!$W36 -> #DIV/0! | L13: ='Test-9'!$W36 -> #DIV/0! | M13: ='Test-10'!$W36 -> #DIV/0! | N13: =SUMIF(D13:M13,">0",D13:M13)/COUNTIF(D13:M13,">0") -> #DIV/0! | O13: =IF(PRODUCT(D13:M13)=0,0,STDEV(D13:M13)) -> #DIV/0! | P13: =IF(N13=0,0,O13/N13) -> #DIV/0!
B14: Thermal efficiency | C14: % | D14: ='Test-1'!$W35 -> #DIV/0! | E14: ='Test-2'!$W35 -> #DIV/0! | F14: ='Test-3'!$W35 -> #DIV/0! | G14: ='Test-4'!$W35 -> #DIV/0! | H14: ='Test-5'!$W35 -> #DIV/0! | I14: ='Test-6'!$W35 -> #DIV/0! | J14: ='Test-7'!$W35 -> #DIV/0! | K14: ='Test-8'!$W35 -> #DIV/0! | L14: ='Test-9'!$W35 -> #DIV/0! | M14: ='Test-10'!$W35 -> #DIV/0! | N14: =SUMIF(D14:M14,">0",D14:M14)/COUNTIF(D14:M14,">0") -> #DIV/0! | O14: =IF(PRODUCT(D14:M14)=0,0,STDEV(D14:M14)) -> #DIV/0! | P14: =IF(N14=0,0,O14/N14) -> #DIV/0!
B15: Specific fuel consumption | C15: g/liter | D15: ='Test-1'!$W37 -> #DIV/0! | E15: ='Test-2'!$W37 -> #DIV/0! | F15: ='Test-3'!$W37 -> #DIV/0! | G15: ='Test-4'!$W37 -> #DIV/0! | H15: ='Test-5'!$W37 -> #DIV/0! | I15: ='Test-6'!$W37 -> #DIV/0! | J15: ='Test-7'!$W37 -> #DIV/0! | K15: ='Test-8'!$W37 -> #DIV/0! | L15: ='Test-9'!$W37 -> #DIV/0! | M15: ='Test-10'!$W37 -> #DIV/0! | N15: =SUMIF(D15:M15,">0",D15:M15)/COUNTIF(D15:M15,">0") -> #DIV/0! | O15: =IF(PRODUCT(D15:M15)=0,0,STDEV(D15:M15)) -> #DIV/0! | P15: =IF(N15=0,0,O15/N15) -> #DIV/0!
B16: Temp-corrected specific consumption | C16: g/liter | D16: ='Test-1'!$W38 -> #DIV/0! | E16: ='Test-2'!$W38 -> #DIV/0! | F16: ='Test-3'!$W38 -> #DIV/0! | G16: ='Test-4'!$W38 -> #DIV/0! | H16: ='Test-5'!$W38 -> #DIV/0! | I16: ='Test-6'!$W38 -> #DIV/0! | J16: ='Test-7'!$W38 -> #DIV/0! | K16: ='Test-8'!$W38 -> #DIV/0! | L16: ='Test-9'!$W38 -> #DIV/0! | M16: ='Test-10'!$W38 -> #DIV/0! | N16: =SUMIF(D16:M16,">0",D16:M16)/COUNTIF(D16:M16,">0") -> #DIV/0! | O16: =IF(PRODUCT(D16:M16)=0,0,STDEV(D16:M16)) -> #DIV/0! | P16: =IF(N16=0,0,O16/N16) -> #DIV/0!
B17: Temp-corrected specific energy cons. | C17: kJ/liter | D17: ='Test-1'!$W39 -> #DIV/0! | E17: ='Test-2'!$W39 -> #DIV/0! | F17: ='Test-3'!$W39 -> #DIV/0! | G17: ='Test-4'!$W39 -> #DIV/0! | H17: ='Test-5'!$W39 -> #DIV/0! | I17: ='Test-6'!$W39 -> #DIV/0! | J17: ='Test-7'!$W39 -> #DIV/0! | K17: ='Test-8'!$W39 -> #DIV/0! | L17: ='Test-9'!$W39 -> #DIV/0! | M17: ='Test-10'!$W39 -> #DIV/0! | N17: =SUMIF(D17:M17,">0",D17:M17)/COUNTIF(D17:M17,">0") -> #DIV/0! | O17: =IF(PRODUCT(D17:M17)=0,0,STDEV(D17:M17)) -> #DIV/0! | P17: =IF(N17=0,0,O17/N17) -> #DIV/0!
B18: Firepower | C18: watts | D18: ='Test-1'!$W40 -> #DIV/0! | E18: ='Test-2'!$W40 -> #DIV/0! | F18: ='Test-3'!$W40 -> #DIV/0! | G18: ='Test-4'!$W40 -> #DIV/0! | H18: ='Test-5'!$W40 -> #DIV/0! | I18: ='Test-6'!$W40 -> #DIV/0! | J18: ='Test-7'!$W40 -> #DIV/0! | K18: ='Test-8'!$W40 -> #DIV/0! | L18: ='Test-9'!$W40 -> #DIV/0! | M18: ='Test-10'!$W40 -> #DIV/0! | N18: =SUMIF(D18:M18,">0",D18:M18)/IF(D18=0,1,COUNTIF(D18:M18,">0")) -> #DIV/0! | O18: =IF(PRODUCT(D18:M18)=0,0,STDEV(D18:M18)) -> #DIV/0! | P18: =IF(N18=0,0,O18/N18) -> #DIV/0!
B20: 2. HIGH POWER TEST (HOT START) | C20: units | D20: Test 1 | E20: Test 2 | F20: Test 3 | G20: Test 4 | H20: Test 5 | I20: Test 6 | J20: Test 7 | K20: Test 8 | L20: Test 9 | M20: Test 10 | N20: Average | O20: St Dev | P20: COV
B21: Time to boil Pot # 1 | C21: min | D21: ='Test-1'!$AA33 -> 0 | E21: ='Test-2'!$AA33 -> 0 | F21: ='Test-3'!$AA33 -> 0 | G21: ='Test-4'!$AA33 -> 0 | H21: ='Test-5'!$AA33 -> 0 | I21: ='Test-6'!$AA33 -> 0 | J21: ='Test-7'!$AA33 -> 0 | K21: ='Test-8'!$AA33 -> 0 | L21: ='Test-9'!$AA33 -> 0 | M21: ='Test-10'!$AA33 -> 0 | N21: =SUMIF(D21:M21,">0",D21:M21)/COUNTIF(D21:M21,">0") -> #DIV/0! | O21: =IF(PRODUCT(D21:M21)=0,0,STDEV(D21:M21)) -> 0 | P21: =IF(N21=0,0,O21/N21) -> #DIV/0!
B22: Temp-corrected time to boil Pot # 1 | C22: min | D22: ='Test-1'!$AA34 -> #DIV/0! | E22: ='Test-2'!$AA34 -> #DIV/0! | F22: ='Test-3'!$AA34 -> #DIV/0! | G22: ='Test-4'!$AA34 -> #DIV/0! | H22: ='Test-5'!$AA34 -> #DIV/0! | I22: ='Test-6'!$AA34 -> #DIV/0! | J22: ='Test-7'!$AA34 -> #DIV/0! | K22: ='Test-8'!$AA34 -> #DIV/0! | L22: ='Test-9'!$AA34 -> #DIV/0! | M22: ='Test-10'!$AA34 -> #DIV/0! | N22: =SUMIF(D22:M22,">0",D22:M22)/COUNTIF(D22:M22,">0") -> #DIV/0! | O22: =IF(PRODUCT(D22:M22)=0,0,STDEV(D22:M22)) -> #DIV/0! | P22: =IF(N22=0,0,O22/N22) -> #DIV/0!
B23: Burning rate | C23: g/min | D23: ='Test-1'!$AA36 -> #DIV/0! | E23: ='Test-2'!$AA36 -> #DIV/0! | F23: ='Test-3'!$AA36 -> #DIV/0! | G23: ='Test-4'!$AA36 -> #DIV/0! | H23: ='Test-5'!$AA36 -> #DIV/0! | I23: ='Test-6'!$AA36 -> #DIV/0! | J23: ='Test-7'!$AA36 -> #DIV/0! | K23: ='Test-8'!$AA36 -> #DIV/0! | L23: ='Test-9'!$AA36 -> #DIV/0! | M23: ='Test-10'!$AA36 -> #DIV/0! | N23: =SUMIF(D23:M23,">0",D23:M23)/COUNTIF(D23:M23,">0") -> #DIV/0! | O23: =IF(PRODUCT(D23:M23)=0,0,STDEV(D23:M23)) -> #DIV/0! | P23: =IF(N23=0,0,O23/N23) -> #DIV/0!
B24: Thermal efficiency | C24: % | D24: ='Test-1'!$AA35 -> #DIV/0! | E24: ='Test-2'!$AA35 -> #DIV/0! | F24: ='Test-3'!$AA35 -> #DIV/0! | G24: ='Test-4'!$AA35 -> #DIV/0! | H24: ='Test-5'!$AA35 -> #DIV/0! | I24: ='Test-6'!$AA35 -> #DIV/0! | J24: ='Test-7'!$AA35 -> #DIV/0! | K24: ='Test-8'!$AA35 -> #DIV/0! | L24: ='Test-9'!$AA35 -> #DIV/0! | M24: ='Test-10'!$AA35 -> #DIV/0! | N24: =SUMIF(D24:M24,">0",D24:M24)/COUNTIF(D24:M24,">0") -> #DIV/0! | O24: =IF(PRODUCT(D24:M24)=0,0,STDEV(D24:M24)) -> #DIV/0! | P24: =IF(N24=0,0,O24/N24) -> #DIV/0!
B25: Specific fuel consumption | C25: g/liter | D25: ='Test-1'!$AA37 -> #DIV/0! | E25: ='Test-2'!$AA37 -> #DIV/0! | F25: ='Test-3'!$AA37 -> #DIV/0! | G25: ='Test-4'!$AA37 -> #DIV/0! | H25: ='Test-5'!$AA37 -> #DIV/0! | I25: ='Test-6'!$AA37 -> #DIV/0! | J25: ='Test-7'!$AA37 -> #DIV/0! | K25: ='Test-8'!$AA37 -> #DIV/0! | L25: ='Test-9'!$AA37 -> #DIV/0! | M25: ='Test-10'!$AA37 -> #DIV/0! | N25: =SUMIF(D25:M25,">0",D25:M25)/COUNTIF(D25:M25,">0") -> #DIV/0! | O25: =IF(PRODUCT(D25:M25)=0,0,STDEV(D25:M25)) -> #DIV/0! | P25: =IF(N25=0,0,O25/N25) -> #DIV/0!
B26: Temp-corrected specific consumption | C26: g/liter | D26: ='Test-1'!$AA38 -> #DIV/0! | E26: ='Test-2'!$AA38 -> #DIV/0! | F26: ='Test-3'!$AA38 -> #DIV/0! | G26: ='Test-4'!$AA38 -> #DIV/0! | H26: ='Test-5'!$AA38 -> #DIV/0! | I26: ='Test-6'!$AA38 -> #DIV/0! | J26: ='Test-7'!$AA38 -> #DIV/0! | K26: ='Test-8'!$AA38 -> #DIV/0! | L26: ='Test-9'!$AA38 -> #DIV/0! | M26: ='Test-10'!$AA38 -> #DIV/0! | N26: =SUMIF(D26:M26,">0",D26:M26)/COUNTIF(D26:M26,">0") -> #DIV/0! | O26: =IF(PRODUCT(D26:M26)=0,0,STDEV(D26:M26)) -> #DIV/0! | P26: =IF(N26=0,0,O26/N26) -> #DIV/0!
B27: Temp-corrected specific energy cons. | C27: kJ/liter | D27: ='Test-1'!$AA39 -> #DIV/0! | E27: ='Test-2'!$AA39 -> #DIV/0! | F27: ='Test-3'!$AA39 -> #DIV/0! | G27: ='Test-4'!$AA39 -> #DIV/0! | H27: ='Test-5'!$AA39 -> #DIV/0! | I27: ='Test-6'!$AA39 -> #DIV/0! | J27: ='Test-7'!$AA39 -> #DIV/0! | K27: ='Test-8'!$AA39 -> #DIV/0! | L27: ='Test-9'!$AA39 -> #DIV/0! | M27: ='Test-10'!$AA39 -> #DIV/0! | N27: =SUMIF(D27:M27,">0",D27:M27)/COUNTIF(D27:M27,">0") -> #DIV/0! | O27: =IF(PRODUCT(D27:M27)=0,0,STDEV(D27:M27)) -> #DIV/0! | P27: =IF(N27=0,0,O27/N27) -> #DIV/0!
B28: Firepower | C28: watts | D28: ='Test-1'!$AA40 -> #DIV/0! | E28: ='Test-2'!$AA40 -> #DIV/0! | F28: ='Test-3'!$AA40 -> #DIV/0! | G28: ='Test-4'!$AA40 -> #DIV/0! | H28: ='Test-5'!$AA40 -> #DIV/0! | I28: ='Test-6'!$AA40 -> #DIV/0! | J28: ='Test-7'!$AA40 -> #DIV/0! | K28: ='Test-8'!$AA40 -> #DIV/0! | L28: ='Test-9'!$AA40 -> #DIV/0! | M28: ='Test-10'!$AA40 -> #DIV/0! | N28: =SUMIF(D28:M28,">0",D28:M28)/COUNTIF(D28:M28,">0") -> #DIV/0! | O28: =IF(PRODUCT(D28:M28)=0,0,STDEV(D28:M28)) -> #DIV/0! | P28: =IF(N28=0,0,O28/N28) -> #DIV/0!
B30: 3. LOW POWER (SIMMER) | C30: units | D30: Test 1 | E30: Test 2 | F30: Test 3 | G30: Test 4 | H30: Test 5 | I30: Test 6 | J30: Test 7 | K30: Test 8 | L30: Test 9 | M30: Test 10 | N30: Average | O30: St Dev | P30: COV
B31: Burning rate | C31: g/min | D31: ='Test-1'!$AP35 -> #DIV/0! | E31: ='Test-2'!$AP35 -> #DIV/0! | F31: ='Test-3'!$AP35 -> #DIV/0! | G31: ='Test-4'!$AP35 -> #DIV/0! | H31: ='Test-5'!$AP35 -> #DIV/0! | I31: ='Test-6'!$AP35 -> #DIV/0! | J31: ='Test-7'!$AP35 -> #DIV/0! | K31: ='Test-8'!$AP35 -> #DIV/0! | L31: ='Test-9'!$AP35 -> #DIV/0! | M31: ='Test-10'!$AP35 -> #DIV/0! | N31: =SUMIF(D31:M31,">0",D31:M31)/COUNTIF(D31:M31,">0") -> #DIV/0! | O31: =IF(PRODUCT(D31:M31)=0,0,STDEV(D31:M31)) -> #DIV/0! | P31: =IF(N31=0,0,O31/N31) -> #DIV/0!
B32: Thermal efficiency | C32: % | D32: ='Test-1'!$AP34 -> #DIV/0! | E32: ='Test-2'!$AP34 -> #DIV/0! | F32: ='Test-3'!$AP34 -> #DIV/0! | G32: ='Test-4'!$AP34 -> #DIV/0! | H32: ='Test-5'!$AP34 -> #DIV/0! | I32: ='Test-6'!$AP34 -> #DIV/0! | J32: ='Test-7'!$AP34 -> #DIV/0! | K32: ='Test-8'!$AP34 -> #DIV/0! | L32: ='Test-9'!$AP34 -> #DIV/0! | M32: ='Test-10'!$AP34 -> #DIV/0! | N32: =SUMIF(D32:M32,">0",D32:M32)/COUNTIF(D32:M32,">0") -> #DIV/0! | O32: =IF(PRODUCT(D32:M32)=0,0,STDEV(D32:M32)) -> #DIV/0! | P32: =IF(N32=0,0,O32/N32) -> #DIV/0!
B33: Specific fuel consumption | C33: g/liter | D33: ='Test-1'!$AP36 -> #DIV/0! | E33: ='Test-2'!$AP36 -> #DIV/0! | F33: ='Test-3'!$AP36 -> #DIV/0! | G33: ='Test-4'!$AP36 -> #DIV/0! | H33: ='Test-5'!$AP36 -> #DIV/0! | I33: ='Test-6'!$AP36 -> #DIV/0! | J33: ='Test-7'!$AP36 -> #DIV/0! | K33: ='Test-8'!$AP36 -> #DIV/0! | L33: ='Test-9'!$AP36 -> #DIV/0! | M33: ='Test-10'!$AP36 -> #DIV/0! | N33: =SUMIF(D33:M33,">0",D33:M33)/COUNTIF(D33:M33,">0") -> #DIV/0! | O33: =IF(PRODUCT(D33:M33)=0,0,STDEV(D33:M33)) -> #DIV/0! | P33: =IF(N33=0,0,O33/N33) -> #DIV/0!
B34: Temp-corrected specific energy cons. | C34: kJ/liter | D34: ='Test-1'!$AP39 -> #DIV/0! | E34: ='Test-2'!$AP39 -> #DIV/0! | F34: ='Test-3'!$AP39 -> #DIV/0! | G34: ='Test-4'!$AP39 -> #DIV/0! | H34: ='Test-5'!$AP39 -> #DIV/0! | I34: ='Test-6'!$AP39 -> #DIV/0! | J34: ='Test-7'!$AP39 -> #DIV/0! | K34: ='Test-8'!$AP39 -> #DIV/0! | L34: ='Test-9'!$AP39 -> #DIV/0! | M34: ='Test-10'!$AP39 -> #DIV/0! | N34: =SUMIF(D34:M34,">0",D34:M34)/COUNTIF(D34:M34,">0") -> #DIV/0! | O34: =IF(PRODUCT(D34:M34)=0,0,STDEV(D34:M34)) -> #DIV/0! | P34: =IF(N34=0,0,O34/N34) -> #DIV/0!
B35: Firepower | C35: watts | D35: ='Test-1'!$AP37 -> #DIV/0! | E35: ='Test-2'!$AP37 -> #DIV/0! | F35: ='Test-3'!$AP37 -> #DIV/0! | G35: ='Test-4'!$AP37 -> #DIV/0! | H35: ='Test-5'!$AP37 -> #DIV/0! | I35: ='Test-6'!$AP37 -> #DIV/0! | J35: ='Test-7'!$AP37 -> #DIV/0! | K35: ='Test-8'!$AP37 -> #DIV/0! | L35: ='Test-9'!$AP37 -> #DIV/0! | M35: ='Test-10'!$AP37 -> #DIV/0! | N35: =SUMIF(D35:M35,">0",D35:M35)/COUNTIF(D35:M35,">0") -> #DIV/0! | O35: =IF(PRODUCT(D35:M35)=0,0,STDEV(D35:M35)) -> #DIV/0! | P35: =IF(N35=0,0,O35/N35) -> #DIV/0!
B36: Turn down ratio | C36: -- | D36: ='Test-1'!$AP38 -> #DIV/0! | E36: ='Test-2'!$AP38 -> #DIV/0! | F36: ='Test-3'!$AP38 -> #DIV/0! | G36: ='Test-4'!$AP38 -> #DIV/0! | H36: ='Test-5'!$AP38 -> #DIV/0! | I36: ='Test-6'!$AP38 -> #DIV/0! | J36: ='Test-7'!$AP38 -> #DIV/0! | K36: ='Test-8'!$AP38 -> #DIV/0! | L36: ='Test-9'!$AP38 -> #DIV/0! | M36: ='Test-10'!$AP38 -> #DIV/0! | N36: =SUMIF(D36:M36,">0",D36:M36)/COUNTIF(D36:M36,">0") -> #DIV/0! | O36: =IF(PRODUCT(D36:M36)=0,0,STDEV(D36:M36)) -> #DIV/0! | P36: =IF(N36=0,0,O36/N36) -> #DIV/0!
B38: BENCHMARK VALUES (for 5L) | D38: Test 1 | E38: Test 2 | F38: Test 3 | G38: Test 4 | H38: Test 5 | I38: Test 6 | J38: Test 7 | K38: Test 8 | L38: Test 9 | M38: Test 10 | N38: Average | O38: St Dev | P38: COV
B39: Fuel Use Benchmark Value | C39: g | D39: ='Test-1'!$AP40 -> #DIV/0! | E39: ='Test-2'!$AP40 -> #DIV/0! | F39: ='Test-3'!$AP40 -> #DIV/0! | G39: ='Test-4'!$AP40 -> #DIV/0! | H39: ='Test-5'!$AP40 -> #DIV/0! | I39: ='Test-6'!$AP40 -> #DIV/0! | J39: ='Test-7'!$AP40 -> #DIV/0! | K39: ='Test-8'!$AP40 -> #DIV/0! | L39: ='Test-9'!$AP40 -> #DIV/0! | M39: ='Test-10'!$AP40 -> #DIV/0! | N39: =SUMIF(D39:M39,">0",D39:M39)/COUNTIF(D39:M39,">0") -> #DIV/0! | O39: =IF(PRODUCT(D39:M39)=0,0,STDEV(D39:M39)) -> #DIV/0! | P39: =IF(N39=0,0,O39/N39) -> #DIV/0!
B40: Energy Use Benchmark Value | C40: kJ | D40: ='Test-1'!$AP41 -> #DIV/0! | E40: ='Test-2'!$AP41 -> #DIV/0! | F40: ='Test-3'!$AP41 -> #DIV/0! | G40: ='Test-4'!$AP41 -> #DIV/0! | H40: ='Test-5'!$AP41 -> #DIV/0! | I40: ='Test-6'!$AP41 -> #DIV/0! | J40: ='Test-7'!$AP41 -> #DIV/0! | K40: ='Test-8'!$AP41 -> #DIV/0! | L40: ='Test-9'!$AP41 -> #DIV/0! | M40: ='Test-10'!$AP41 -> #DIV/0! | N40: =SUMIF(D40:M40,">0",D40:M40)/COUNTIF(D40:M40,">0") -> #DIV/0! | O40: =IF(PRODUCT(D40:M40)=0,0,STDEV(D40:M40)) -> #DIV/0! | P40: =IF(N40=0,0,O40/N40) -> #DIV/0!
B41: Carbon Monoxide Benchmark Value | C41: g | D41: ='Test-1'!W77 -> #DIV/0! | E41: ='Test-2'!W77 -> #DIV/0! | F41: ='Test-3'!W77 -> #DIV/0! | G41: ='Test-4'!W77 -> #DIV/0! | H41: ='Test-5'!W77 -> #DIV/0! | I41: ='Test-6'!W77 -> #DIV/0! | J41: ='Test-7'!W77 -> #DIV/0! | K41: ='Test-8'!W77 -> #DIV/0! | L41: ='Test-9'!W77 -> #DIV/0! | M41: ='Test-10'!W77 -> #DIV/0! | N41: =SUMIF(D41:M41,">0",D41:M41)/COUNTIF(D41:M41,">0") -> #DIV/0! | O41: =IF(PRODUCT(D41:M41)=0,0,STDEV(D41:M41)) -> #DIV/0! | P41: =IF(N41=0,0,O41/N41) -> #DIV/0!
B42: Particulate Matter Benchmark Value | C42: g | D42: ='Test-1'!W78 -> #DIV/0! | E42: ='Test-2'!W78 -> #DIV/0! | F42: ='Test-3'!W78 -> #DIV/0! | G42: ='Test-4'!W78 -> #DIV/0! | H42: ='Test-5'!W78 -> #DIV/0! | I42: ='Test-6'!W78 -> #DIV/0! | J42: ='Test-7'!W78 -> #DIV/0! | K42: ='Test-8'!W78 -> #DIV/0! | L42: ='Test-9'!W78 -> #DIV/0! | M42: ='Test-10'!W78 -> #DIV/0! | N42: =SUMIF(D42:M42,">0",D42:M42)/COUNTIF(D42:M42,">0") -> #DIV/0! | O42: =IF(PRODUCT(D42:M42)=0,0,STDEV(D42:M42)) -> #DIV/0! | P42: =IF(N42=0,0,O42/N42) -> #DIV/0!
B44: IWA PERFORMANCE METRICS | C44: units | D44: Test 1 | E44: Test 2 | F44: Test 3 | G44: Test 4 | H44: Test 5 | I44: Test 6 | J44: Test 7 | K44: Test 8 | L44: Test 9 | M44: Test 10 | N44: Average | O44: St Dev | P44: COV
B45: High Power Thermal Efficiency | C45: % | D45: ='Test-1'!AE44 -> #DIV/0! | E45: ='Test-2'!AE44 -> #DIV/0! | F45: ='Test-3'!AE44 -> #DIV/0! | G45: ='Test-4'!AE44 -> #DIV/0! | H45: ='Test-5'!AE44 -> #DIV/0! | I45: ='Test-6'!AE44 -> #DIV/0! | J45: ='Test-7'!AE44 -> #DIV/0! | K45: ='Test-8'!AE44 -> #DIV/0! | L45: ='Test-9'!AE44 -> #DIV/0! | M45: ='Test-10'!AE44 -> #DIV/0! | N45: =SUMIF(D45:M45,">0",D45:M45)/COUNTIF(D45:M45,">0") -> #DIV/0! | O45: =IF(PRODUCT(D45:M45)=0,0,STDEV(D45:M45)) -> #DIV/0! | P45: =IF(N45=0,0,O45/N45) -> #DIV/0!
